23/01/2023 14:42, Temperatura Interna = 0.0, Temperatura Referencial = 0.0, Temperatura Ambiente = 26.11468483317294,  Ventoinha = 0%, Resistor = 0%
23/01/2023 14:42, Temperatura Interna = 71.125, Temperatura Referencial = 40.0, Temperatura Ambiente = 26.104641141701723,  Ventoinha = 0%, Resistor = 0%
23/01/2023 14:42, Temperatura Interna = 71.0, Temperatura Referencial = 40.0, Temperatura Ambiente = 26.099619296402672,  Ventoinha = 0%, Resistor = 0%
23/01/2023 14:42, Temperatura Interna = 71.0, Temperatura Referencial = 40.0, Temperatura Ambiente = 26.094597451394655,  Ventoinha = 0%, Resistor = 0%
23/01/2023 14:42, Temperatura Interna = 70.875, Temperatura Referencial = 40.0, Temperatura Ambiente = 26.094597451394655,  Ventoinha = 0%, Resistor = 0%
23/01/2023 14:42, Temperatura Interna = 70.8125, Temperatura Referencial = 40.0, Temperatura Ambiente = 26.08957560667768,  Ventoinha = 0%, Resistor = 0%
23/01/2023 14:42, Temperatura Interna = 70.8125, Temperatura Referencial = 40.0, Temperatura Ambiente = 26.084553762251744,  Ventoinha = 0%, Resistor = 0%
23/01/2023 14:42, Temperatura Interna = 70.6875, Temperatura Referencial = 40.0, Temperatura Ambiente = 26.079531918116846,  Ventoinha = 0%, Resistor = 0%
23/01/2023 14:42, Temperatura Interna = 70.6875, Temperatura Referencial = 40.0, Temperatura Ambiente = 26.06948823072016,  Ventoinha = 0%, Resistor = 0%
23/01/2023 14:42, Temperatura Interna = 70.5625, Temperatura Referencial = 40.0, Temperatura Ambiente = 26.064466387458378,  Ventoinha = 0%, Resistor = 0%
23/01/2023 14:42, Temperatura Interna = 70.4375, Temperatura Referencial = 40.0, Temperatura Ambiente = 26.059444544487633,  Ventoinha = 0%, Resistor = 0%
23/01/2023 14:42, Temperatura Interna = 70.4375, Temperatura Referencial = 40.0, Temperatura Ambiente = 26.054422701807926,  Ventoinha = 0%, Resistor = 0%
23/01/2023 14:42, Temperatura Interna = 70.3125, Temperatura Referencial = 40.0, Temperatura Ambiente = 26.049400859419258,  Ventoinha = 0%, Resistor = 0%
23/01/2023 14:42, Temperatura Interna = 70.25, Temperatura Referencial = 40.0, Temperatura Ambiente = 26.044379017321624,  Ventoinha = 0%, Resistor = 0%
23/01/2023 14:42, Temperatura Interna = 70.25, Temperatura Referencial = 40.0, Temperatura Ambiente = 26.039357175515033,  Ventoinha = 0%, Resistor = 0%
23/01/2023 14:42, Temperatura Interna = 70.125, Temperatura Referencial = 40.0, Temperatura Ambiente = 26.03433533399948,  Ventoinha = 0%, Resistor = 0%
23/01/2023 14:42, Temperatura Interna = 70.0, Temperatura Referencial = 40.0, Temperatura Ambiente = 26.029313492774964,  Ventoinha = 0%, Resistor = 0%
23/01/2023 14:42, Temperatura Interna = 40.0, Temperatura Referencial = 0.0, Temperatura Ambiente = 26.029313492774964,  Ventoinha = 0%, Resistor = 0%
23/01/2023 14:42, Temperatura Interna = 69.875, Temperatura Referencial = 40.0, Temperatura Ambiente = 26.024291651841487,  Ventoinha = 0%, Resistor = 0%
23/01/2023 14:42, Temperatura Interna = 69.8125, Temperatura Referencial = 40.0, Temperatura Ambiente = 26.019269811199045,  Ventoinha = 0%, Resistor = 0%
23/01/2023 14:42, Temperatura Interna = 69.8125, Temperatura Referencial = 40.0, Temperatura Ambiente = 26.014247970847645,  Ventoinha = 0%, Resistor = 0%
23/01/2023 14:42, Temperatura Interna = 40.0, Temperatura Referencial = 0.0, Temperatura Ambiente = 26.014247970847645,  Ventoinha = -100.0%, Resistor = 0%
23/01/2023 14:42, Temperatura Interna = 69.5625, Temperatura Referencial = 40.0, Temperatura Ambiente = 26.009226130787283,  Ventoinha = -100.0%, Resistor = 0%
23/01/2023 14:43, Temperatura Interna = 69.5625, Temperatura Referencial = 40.0, Temperatura Ambiente = 26.00420429101796,  Ventoinha = -100.0%, Resistor = 0%
23/01/2023 14:43, Temperatura Interna = 69.5, Temperatura Referencial = 40.0, Temperatura Ambiente = 26.00420429101796,  Ventoinha = -100.0%, Resistor = 0%
23/01/2023 14:43, Temperatura Interna = 69.5, Temperatura Referencial = 40.0, Temperatura Ambiente = 26.00420429101796,  Ventoinha = -100.0%, Resistor = 0%
23/01/2023 14:43, Temperatura Interna = 69.375, Temperatura Referencial = 40.0, Temperatura Ambiente = 25.999182451539674,  Ventoinha = -100.0%, Resistor = 0%
23/01/2023 14:43, Temperatura Interna = 40.0, Temperatura Referencial = 25, Temperatura Ambiente = 25.999182451539674,  Ventoinha = -100.0%, Resistor = 0%
23/01/2023 14:43, Temperatura Interna = 1.401298464324817e-45, Temperatura Referencial = 25, Temperatura Ambiente = 25.994160612352424,  Ventoinha = 0%, Resistor = 100.0%
23/01/2023 14:43, Temperatura Interna = 0.0, Temperatura Referencial = 25, Temperatura Ambiente = 25.994160612352424,  Ventoinha = 0%, Resistor = 100.0%
23/01/2023 14:43, Temperatura Interna = 0.0, Temperatura Referencial = 25, Temperatura Ambiente = 25.989138773456215,  Ventoinha = 0%, Resistor = 100.0%
23/01/2023 14:43, Temperatura Interna = 0.0, Temperatura Referencial = 25, Temperatura Ambiente = 25.984116934851045,  Ventoinha = 0%, Resistor = 100.0%
23/01/2023 14:43, Temperatura Interna = 0.0, Temperatura Referencial = 25, Temperatura Ambiente = 25.984116934851045,  Ventoinha = 0%, Resistor = 100.0%
23/01/2023 14:43, Temperatura Interna = 0.0, Temperatura Referencial = 25, Temperatura Ambiente = 25.984116934851045,  Ventoinha = 0%, Resistor = 100.0%
23/01/2023 14:43, Temperatura Interna = 0.0, Temperatura Referencial = 25, Temperatura Ambiente = 25.979095096536913,  Ventoinha = 0%, Resistor = 100.0%
23/01/2023 14:43, Temperatura Interna = 0.0, Temperatura Referencial = 25, Temperatura Ambiente = 25.979095096536913,  Ventoinha = 0%, Resistor = 100.0%
23/01/2023 14:43, Temperatura Interna = 0.0, Temperatura Referencial = 25, Temperatura Ambiente = 25.979095096536913,  Ventoinha = 0%, Resistor = 100.0%
23/01/2023 14:43, Temperatura Interna = 0.0, Temperatura Referencial = 25, Temperatura Ambiente = 25.979095096536913,  Ventoinha = 0%, Resistor = 100.0%
23/01/2023 14:43, Temperatura Interna = 0.0, Temperatura Referencial = 25, Temperatura Ambiente = 25.97407325851382,  Ventoinha = 0%, Resistor = 100.0%
23/01/2023 14:43, Temperatura Interna = 0.0, Temperatura Referencial = 25, Temperatura Ambiente = 25.97407325851382,  Ventoinha = 0%, Resistor = 100.0%
23/01/2023 14:43, Temperatura Interna = 0.0, Temperatura Referencial = 25, Temperatura Ambiente = 25.96905142078176,  Ventoinha = 0%, Resistor = 100.0%
23/01/2023 14:43, Temperatura Interna = 0.0, Temperatura Referencial = 25, Temperatura Ambiente = 25.96905142078176,  Ventoinha = 0%, Resistor = 100.0%
23/01/2023 14:43, Temperatura Interna = 0.0, Temperatura Referencial = 25, Temperatura Ambiente = 25.96905142078176,  Ventoinha = 0%, Resistor = 100.0%
23/01/2023 14:43, Temperatura Interna = 0.0, Temperatura Referencial = 25, Temperatura Ambiente = 25.96905142078176,  Ventoinha = 0%, Resistor = 100.0%
23/01/2023 14:43, Temperatura Interna = 0.0, Temperatura Referencial = 25, Temperatura Ambiente = 25.96905142078176,  Ventoinha = 0%, Resistor = 100.0%
23/01/2023 14:43, Temperatura Interna = 0.0, Temperatura Referencial = 25, Temperatura Ambiente = 25.964029583340743,  Ventoinha = 0%, Resistor = 100.0%
23/01/2023 14:43, Temperatura Interna = 0.0, Temperatura Referencial = 25, Temperatura Ambiente = 25.964029583340743,  Ventoinha = 0%, Resistor = 100.0%
23/01/2023 14:43, Temperatura Interna = 0.0, Temperatura Referencial = 25, Temperatura Ambiente = 25.964029583340743,  Ventoinha = 0%, Resistor = 100.0%
23/01/2023 14:43, Temperatura Interna = 0.0, Temperatura Referencial = 25, Temperatura Ambiente = 25.964029583340743,  Ventoinha = 0%, Resistor = 100.0%
23/01/2023 14:43, Temperatura Interna = 0.0, Temperatura Referencial = 25, Temperatura Ambiente = 25.959007746190764,  Ventoinha = 0%, Resistor = 100.0%
23/01/2023 14:44, Temperatura Interna = 0.0, Temperatura Referencial = 0.0, Temperatura Ambiente = 25.959007746190764,  Ventoinha = 0%, Resistor = 0%
23/01/2023 14:44, Temperatura Interna = 65.25, Temperatura Referencial = 40.0, Temperatura Ambiente = 25.959007746190764,  Ventoinha = 0%, Resistor = 0%
23/01/2023 14:44, Temperatura Interna = 65.25, Temperatura Referencial = 40.0, Temperatura Ambiente = 25.959007746190764,  Ventoinha = 0%, Resistor = 0%
23/01/2023 14:44, Temperatura Interna = 65.125, Temperatura Referencial = 40.0, Temperatura Ambiente = 25.959007746190764,  Ventoinha = 0%, Resistor = 0%
23/01/2023 14:44, Temperatura Interna = 65.0625, Temperatura Referencial = 40.0, Temperatura Ambiente = 25.959007746190764,  Ventoinha = 0%, Resistor = 0%
23/01/2023 14:44, Temperatura Interna = 65.0625, Temperatura Referencial = 40.0, Temperatura Ambiente = 25.964029583340743,  Ventoinha = 0%, Resistor = 0%
23/01/2023 14:44, Temperatura Interna = 65.0, Temperatura Referencial = 40.0, Temperatura Ambiente = 25.964029583340743,  Ventoinha = 0%, Resistor = 0%
23/01/2023 14:44, Temperatura Interna = 64.875, Temperatura Referencial = 40.0, Temperatura Ambiente = 25.964029583340743,  Ventoinha = 0%, Resistor = 0%
23/01/2023 14:44, Temperatura Interna = 64.875, Temperatura Referencial = 40.0, Temperatura Ambiente = 25.964029583340743,  Ventoinha = 0%, Resistor = 0%
23/01/2023 14:44, Temperatura Interna = 64.8125, Temperatura Referencial = 40.0, Temperatura Ambiente = 25.964029583340743,  Ventoinha = 0%, Resistor = 0%
23/01/2023 14:44, Temperatura Interna = 64.75, Temperatura Referencial = 40.0, Temperatura Ambiente = 25.964029583340743,  Ventoinha = 0%, Resistor = 0%
23/01/2023 14:44, Temperatura Interna = 64.75, Temperatura Referencial = 40.0, Temperatura Ambiente = 25.964029583340743,  Ventoinha = 0%, Resistor = 0%
23/01/2023 14:44, Temperatura Interna = 64.6875, Temperatura Referencial = 40.0, Temperatura Ambiente = 25.964029583340743,  Ventoinha = 0%, Resistor = 0%
23/01/2023 14:44, Temperatura Interna = 64.6875, Temperatura Referencial = 40.0, Temperatura Ambiente = 25.964029583340743,  Ventoinha = 0%, Resistor = 0%
23/01/2023 14:44, Temperatura Interna = 64.5625, Temperatura Referencial = 40.0, Temperatura Ambiente = 25.964029583340743,  Ventoinha = 0%, Resistor = 0%
23/01/2023 14:44, Temperatura Interna = 64.5, Temperatura Referencial = 40.0, Temperatura Ambiente = 25.964029583340743,  Ventoinha = 0%, Resistor = 0%
23/01/2023 14:44, Temperatura Interna = 64.5, Temperatura Referencial = 40.0, Temperatura Ambiente = 25.964029583340743,  Ventoinha = 0%, Resistor = 0%
23/01/2023 14:44, Temperatura Interna = 64.4375, Temperatura Referencial = 40.0, Temperatura Ambiente = 25.964029583340743,  Ventoinha = 0%, Resistor = 0%
23/01/2023 14:44, Temperatura Interna = 64.3125, Temperatura Referencial = 40.0, Temperatura Ambiente = 25.96905142078176,  Ventoinha = 0%, Resistor = 0%
23/01/2023 14:44, Temperatura Interna = 64.3125, Temperatura Referencial = 40.0, Temperatura Ambiente = 25.96905142078176,  Ventoinha = 0%, Resistor = 0%
23/01/2023 14:44, Temperatura Interna = 64.25, Temperatura Referencial = 40.0, Temperatura Ambiente = 25.96905142078176,  Ventoinha = 0%, Resistor = 0%
23/01/2023 14:44, Temperatura Interna = 64.1875, Temperatura Referencial = 40.0, Temperatura Ambiente = 25.96905142078176,  Ventoinha = 0%, Resistor = 0%
23/01/2023 14:44, Temperatura Interna = 64.1875, Temperatura Referencial = 40.0, Temperatura Ambiente = 25.96905142078176,  Ventoinha = 0%, Resistor = 0%
23/01/2023 14:44, Temperatura Interna = 64.125, Temperatura Referencial = 40.0, Temperatura Ambiente = 25.96905142078176,  Ventoinha = 0%, Resistor = 0%
23/01/2023 14:44, Temperatura Interna = 64.125, Temperatura Referencial = 40.0, Temperatura Ambiente = 25.97407325851382,  Ventoinha = 0%, Resistor = 0%
23/01/2023 14:44, Temperatura Interna = 64.0, Temperatura Referencial = 40.0, Temperatura Ambiente = 25.97407325851382,  Ventoinha = 0%, Resistor = 0%
23/01/2023 14:44, Temperatura Interna = 63.9375, Temperatura Referencial = 40.0, Temperatura Ambiente = 25.97407325851382,  Ventoinha = 0%, Resistor = 0%
23/01/2023 14:44, Temperatura Interna = 63.9375, Temperatura Referencial = 40.0, Temperatura Ambiente = 25.97407325851382,  Ventoinha = 0%, Resistor = 0%
23/01/2023 14:44, Temperatura Interna = 63.8125, Temperatura Referencial = 40.0, Temperatura Ambiente = 25.97407325851382,  Ventoinha = 0%, Resistor = 0%
23/01/2023 14:44, Temperatura Interna = 63.75, Temperatura Referencial = 40.0, Temperatura Ambiente = 25.979095096536913,  Ventoinha = 0%, Resistor = 0%
23/01/2023 14:44, Temperatura Interna = 63.75, Temperatura Referencial = 40.0, Temperatura Ambiente = 25.979095096536913,  Ventoinha = 0%, Resistor = 0%
23/01/2023 14:44, Temperatura Interna = 63.6875, Temperatura Referencial = 40.0, Temperatura Ambiente = 25.979095096536913,  Ventoinha = 0%, Resistor = 0%
23/01/2023 14:44, Temperatura Interna = 63.625, Temperatura Referencial = 40.0, Temperatura Ambiente = 25.979095096536913,  Ventoinha = 0%, Resistor = 0%
23/01/2023 14:44, Temperatura Interna = 63.625, Temperatura Referencial = 40.0, Temperatura Ambiente = 25.979095096536913,  Ventoinha = 0%, Resistor = 0%
23/01/2023 14:44, Temperatura Interna = 63.5, Temperatura Referencial = 40.0, Temperatura Ambiente = 25.979095096536913,  Ventoinha = 0%, Resistor = 0%
23/01/2023 14:44, Temperatura Interna = 63.4375, Temperatura Referencial = 40.0, Temperatura Ambiente = 25.984116934851045,  Ventoinha = 0%, Resistor = 0%
23/01/2023 14:44, Temperatura Interna = 63.4375, Temperatura Referencial = 40.0, Temperatura Ambiente = 25.984116934851045,  Ventoinha = 0%, Resistor = 0%
23/01/2023 14:44, Temperatura Interna = 63.375, Temperatura Referencial = 40.0, Temperatura Ambiente = 25.984116934851045,  Ventoinha = 0%, Resistor = 0%
23/01/2023 14:44, Temperatura Interna = 63.375, Temperatura Referencial = 40.0, Temperatura Ambiente = 25.984116934851045,  Ventoinha = 0%, Resistor = 0%
23/01/2023 14:44, Temperatura Interna = 63.25, Temperatura Referencial = 40.0, Temperatura Ambiente = 25.989138773456215,  Ventoinha = 0%, Resistor = 0%
23/01/2023 14:44, Temperatura Interna = 63.1875, Temperatura Referencial = 40.0, Temperatura Ambiente = 25.989138773456215,  Ventoinha = 0%, Resistor = 0%
23/01/2023 14:44, Temperatura Interna = 63.1875, Temperatura Referencial = 40.0, Temperatura Ambiente = 25.994160612352424,  Ventoinha = 0%, Resistor = 0%
23/01/2023 14:44, Temperatura Interna = 63.125, Temperatura Referencial = 40.0, Temperatura Ambiente = 25.994160612352424,  Ventoinha = 0%, Resistor = 0%
23/01/2023 14:44, Temperatura Interna = 63.0625, Temperatura Referencial = 40.0, Temperatura Ambiente = 25.999182451539674,  Ventoinha = 0%, Resistor = 0%
23/01/2023 14:45, Temperatura Interna = 63.0625, Temperatura Referencial = 40.0, Temperatura Ambiente = 25.999182451539674,  Ventoinha = 0%, Resistor = 0%
23/01/2023 14:45, Temperatura Interna = 62.9375, Temperatura Referencial = 40.0, Temperatura Ambiente = 26.00420429101796,  Ventoinha = 0%, Resistor = 0%
23/01/2023 14:45, Temperatura Interna = 62.875, Temperatura Referencial = 40.0, Temperatura Ambiente = 26.009226130787283,  Ventoinha = 0%, Resistor = 0%
23/01/2023 14:45, Temperatura Interna = 62.875, Temperatura Referencial = 40.0, Temperatura Ambiente = 26.009226130787283,  Ventoinha = 0%, Resistor = 0%
23/01/2023 14:45, Temperatura Interna = 62.8125, Temperatura Referencial = 40.0, Temperatura Ambiente = 26.014247970847645,  Ventoinha = 0%, Resistor = 0%
23/01/2023 14:45, Temperatura Interna = 62.6875, Temperatura Referencial = 40.0, Temperatura Ambiente = 26.014247970847645,  Ventoinha = 0%, Resistor = 0%
23/01/2023 14:45, Temperatura Interna = 62.6875, Temperatura Referencial = 40.0, Temperatura Ambiente = 26.014247970847645,  Ventoinha = 0%, Resistor = 0%
23/01/2023 14:45, Temperatura Interna = 62.625, Temperatura Referencial = 40.0, Temperatura Ambiente = 26.014247970847645,  Ventoinha = 0%, Resistor = 0%
23/01/2023 14:45, Temperatura Interna = 62.625, Temperatura Referencial = 40.0, Temperatura Ambiente = 26.019269811199045,  Ventoinha = 0%, Resistor = 0%
23/01/2023 14:45, Temperatura Interna = 62.5625, Temperatura Referencial = 40.0, Temperatura Ambiente = 26.019269811199045,  Ventoinha = 0%, Resistor = 0%
23/01/2023 14:45, Temperatura Interna = 62.4375, Temperatura Referencial = 40.0, Temperatura Ambiente = 26.019269811199045,  Ventoinha = 0%, Resistor = 0%
23/01/2023 14:45, Temperatura Interna = 62.4375, Temperatura Referencial = 40.0, Temperatura Ambiente = 26.024291651841487,  Ventoinha = 0%, Resistor = 0%
23/01/2023 14:45, Temperatura Interna = 62.375, Temperatura Referencial = 40.0, Temperatura Ambiente = 26.024291651841487,  Ventoinha = 0%, Resistor = 0%
23/01/2023 14:45, Temperatura Interna = 62.3125, Temperatura Referencial = 40.0, Temperatura Ambiente = 26.029313492774964,  Ventoinha = 0%, Resistor = 0%
23/01/2023 14:45, Temperatura Interna = 62.3125, Temperatura Referencial = 40.0, Temperatura Ambiente = 26.029313492774964,  Ventoinha = 0%, Resistor = 0%
23/01/2023 14:45, Temperatura Interna = 62.1875, Temperatura Referencial = 40.0, Temperatura Ambiente = 26.03433533399948,  Ventoinha = 0%, Resistor = 0%
23/01/2023 14:45, Temperatura Interna = 62.125, Temperatura Referencial = 40.0, Temperatura Ambiente = 26.03433533399948,  Ventoinha = 0%, Resistor = 0%
23/01/2023 14:45, Temperatura Interna = 62.125, Temperatura Referencial = 40.0, Temperatura Ambiente = 26.039357175515033,  Ventoinha = 0%, Resistor = 0%
23/01/2023 14:45, Temperatura Interna = 62.0, Temperatura Referencial = 40.0, Temperatura Ambiente = 26.039357175515033,  Ventoinha = 0%, Resistor = 0%
23/01/2023 14:45, Temperatura Interna = 61.9375, Temperatura Referencial = 40.0, Temperatura Ambiente = 26.044379017321624,  Ventoinha = 0%, Resistor = 0%
23/01/2023 14:45, Temperatura Interna = 61.9375, Temperatura Referencial = 40.0, Temperatura Ambiente = 26.049400859419258,  Ventoinha = 0%, Resistor = 0%
23/01/2023 14:45, Temperatura Interna = 61.875, Temperatura Referencial = 40.0, Temperatura Ambiente = 26.049400859419258,  Ventoinha = 0%, Resistor = 0%
23/01/2023 14:45, Temperatura Interna = 61.875, Temperatura Referencial = 40.0, Temperatura Ambiente = 26.054422701807926,  Ventoinha = 0%, Resistor = 0%
23/01/2023 14:45, Temperatura Interna = 61.75, Temperatura Referencial = 40.0, Temperatura Ambiente = 26.059444544487633,  Ventoinha = 0%, Resistor = 0%
23/01/2023 14:45, Temperatura Interna = 40.0, Temperatura Referencial = 0.0, Temperatura Ambiente = 26.059444544487633,  Ventoinha = 0%, Resistor = 0%
23/01/2023 14:45, Temperatura Interna = 61.5625, Temperatura Referencial = 40.0, Temperatura Ambiente = 26.064466387458378,  Ventoinha = 0%, Resistor = 0%
23/01/2023 14:45, Temperatura Interna = 61.5625, Temperatura Referencial = 40.0, Temperatura Ambiente = 26.06948823072016,  Ventoinha = 0%, Resistor = 0%
23/01/2023 14:45, Temperatura Interna = 61.5, Temperatura Referencial = 40.0, Temperatura Ambiente = 26.06948823072016,  Ventoinha = 0%, Resistor = 0%
23/01/2023 14:45, Temperatura Interna = 61.5, Temperatura Referencial = 40.0, Temperatura Ambiente = 26.074510074272986,  Ventoinha = 0%, Resistor = 0%
23/01/2023 14:45, Temperatura Interna = 61.4375, Temperatura Referencial = 40.0, Temperatura Ambiente = 26.074510074272986,  Ventoinha = 0%, Resistor = 0%
23/01/2023 14:45, Temperatura Interna = 40.0, Temperatura Referencial = 0.0, Temperatura Ambiente = 26.079531918116846,  Ventoinha = -100.0%, Resistor = 0%
23/01/2023 14:45, Temperatura Interna = 61.3125, Temperatura Referencial = 40.0, Temperatura Ambiente = 26.079531918116846,  Ventoinha = -100.0%, Resistor = 0%
23/01/2023 14:45, Temperatura Interna = 61.3125, Temperatura Referencial = 40.0, Temperatura Ambiente = 26.084553762251744,  Ventoinha = -100.0%, Resistor = 0%
23/01/2023 14:45, Temperatura Interna = 61.1875, Temperatura Referencial = 40.0, Temperatura Ambiente = 26.08957560667768,  Ventoinha = -100.0%, Resistor = 0%
23/01/2023 14:45, Temperatura Interna = 61.1875, Temperatura Referencial = 40.0, Temperatura Ambiente = 26.08957560667768,  Ventoinha = -100.0%, Resistor = 0%
23/01/2023 14:45, Temperatura Interna = 40.0, Temperatura Referencial = 25, Temperatura Ambiente = 26.08957560667768,  Ventoinha = -100.0%, Resistor = 0%
23/01/2023 14:45, Temperatura Interna = 1.401298464324817e-45, Temperatura Referencial = 25, Temperatura Ambiente = 26.094597451394655,  Ventoinha = 0%, Resistor = 100.0%
23/01/2023 14:45, Temperatura Interna = 0.0, Temperatura Referencial = 25, Temperatura Ambiente = 26.099619296402672,  Ventoinha = 0%, Resistor = 100.0%
23/01/2023 14:45, Temperatura Interna = 0.0, Temperatura Referencial = 25, Temperatura Ambiente = 26.099619296402672,  Ventoinha = 0%, Resistor = 100.0%
23/01/2023 14:45, Temperatura Interna = 0.0, Temperatura Referencial = 25, Temperatura Ambiente = 26.099619296402672,  Ventoinha = 0%, Resistor = 100.0%
23/01/2023 14:45, Temperatura Interna = 0.0, Temperatura Referencial = 25, Temperatura Ambiente = 26.104641141701723,  Ventoinha = 0%, Resistor = 100.0%
23/01/2023 14:45, Temperatura Interna = 0.0, Temperatura Referencial = 25, Temperatura Ambiente = 26.104641141701723,  Ventoinha = 0%, Resistor = 100.0%
23/01/2023 14:45, Temperatura Interna = 0.0, Temperatura Referencial = 25, Temperatura Ambiente = 26.109662987291813,  Ventoinha = 0%, Resistor = 100.0%
23/01/2023 14:45, Temperatura Interna = 0.0, Temperatura Referencial = 25, Temperatura Ambiente = 26.109662987291813,  Ventoinha = 0%, Resistor = 100.0%
23/01/2023 14:45, Temperatura Interna = 0.0, Temperatura Referencial = 25, Temperatura Ambiente = 26.11468483317294,  Ventoinha = 0%, Resistor = 100.0%
23/01/2023 14:45, Temperatura Interna = 0.0, Temperatura Referencial = 25, Temperatura Ambiente = 26.119706679345107,  Ventoinha = 0%, Resistor = 100.0%
23/01/2023 14:45, Temperatura Interna = 0.0, Temperatura Referencial = 25, Temperatura Ambiente = 26.119706679345107,  Ventoinha = 0%, Resistor = 100.0%
23/01/2023 14:45, Temperatura Interna = 0.0, Temperatura Referencial = 25, Temperatura Ambiente = 26.124728525808315,  Ventoinha = 0%, Resistor = 100.0%
23/01/2023 14:45, Temperatura Interna = 0.0, Temperatura Referencial = 25, Temperatura Ambiente = 26.129750372562558,  Ventoinha = 0%, Resistor = 100.0%
23/01/2023 14:45, Temperatura Interna = 0.0, Temperatura Referencial = 25, Temperatura Ambiente = 26.13477221960784,  Ventoinha = 0%, Resistor = 100.0%
23/01/2023 14:45, Temperatura Interna = 0.0, Temperatura Referencial = 25, Temperatura Ambiente = 26.13979406694416,  Ventoinha = 0%, Resistor = 100.0%
23/01/2023 14:45, Temperatura Interna = 0.0, Temperatura Referencial = 25, Temperatura Ambiente = 26.13979406694416,  Ventoinha = 0%, Resistor = 100.0%
23/01/2023 14:45, Temperatura Interna = 0.0, Temperatura Referencial = 25, Temperatura Ambiente = 26.144815914571517,  Ventoinha = 0%, Resistor = 100.0%
23/01/2023 14:45, Temperatura Interna = 0.0, Temperatura Referencial = 25, Temperatura Ambiente = 26.149837762489916,  Ventoinha = 0%, Resistor = 100.0%
23/01/2023 14:45, Temperatura Interna = 0.0, Temperatura Referencial = 25, Temperatura Ambiente = 26.149837762489916,  Ventoinha = 0%, Resistor = 100.0%
23/01/2023 14:45, Temperatura Interna = 0.0, Temperatura Referencial = 25, Temperatura Ambiente = 26.15485961069935,  Ventoinha = 0%, Resistor = 100.0%
23/01/2023 14:45, Temperatura Interna = 0.0, Temperatura Referencial = 25, Temperatura Ambiente = 26.159881459199823,  Ventoinha = 0%, Resistor = 100.0%
23/01/2023 14:45, Temperatura Interna = 0.0, Temperatura Referencial = 25, Temperatura Ambiente = 26.159881459199823,  Ventoinha = 0%, Resistor = 100.0%
23/01/2023 14:46, Temperatura Interna = 0.0, Temperatura Referencial = 25, Temperatura Ambiente = 26.164903307991334,  Ventoinha = 0%, Resistor = 100.0%
23/01/2023 14:46, Temperatura Interna = 0.0, Temperatura Referencial = 25, Temperatura Ambiente = 26.169925157073884,  Ventoinha = 0%, Resistor = 100.0%
23/01/2023 14:46, Temperatura Interna = 0.0, Temperatura Referencial = 25, Temperatura Ambiente = 26.169925157073884,  Ventoinha = 0%, Resistor = 100.0%
23/01/2023 14:46, Temperatura Interna = 0.0, Temperatura Referencial = 25, Temperatura Ambiente = 26.174947006447475,  Ventoinha = 0%, Resistor = 100.0%
23/01/2023 14:46, Temperatura Interna = 0.0, Temperatura Referencial = 25, Temperatura Ambiente = 26.1799688561121,  Ventoinha = 0%, Resistor = 100.0%
23/01/2023 14:46, Temperatura Interna = 0.0, Temperatura Referencial = 25, Temperatura Ambiente = 26.184990706067765,  Ventoinha = 0%, Resistor = 100.0%
23/01/2023 14:46, Temperatura Interna = 0.0, Temperatura Referencial = 25, Temperatura Ambiente = 26.190012556314468,  Ventoinha = 0%, Resistor = 100.0%
23/01/2023 14:46, Temperatura Interna = 0.0, Temperatura Referencial = 25, Temperatura Ambiente = 26.19503440685221,  Ventoinha = 0%, Resistor = 100.0%
23/01/2023 14:46, Temperatura Interna = 0.0, Temperatura Referencial = 25, Temperatura Ambiente = 26.20005625768099,  Ventoinha = 0%, Resistor = 100.0%
23/01/2023 14:46, Temperatura Interna = 0.0, Temperatura Referencial = 25, Temperatura Ambiente = 26.20507810880081,  Ventoinha = 0%, Resistor = 100.0%
23/01/2023 14:46, Temperatura Interna = 0.0, Temperatura Referencial = 25, Temperatura Ambiente = 26.210099960211664,  Ventoinha = 0%, Resistor = 100.0%
23/01/2023 14:46, Temperatura Interna = 0.0, Temperatura Referencial = 25, Temperatura Ambiente = 26.210099960211664,  Ventoinha = 0%, Resistor = 100.0%
23/01/2023 14:46, Temperatura Interna = 0.0, Temperatura Referencial = 25, Temperatura Ambiente = 26.21512181191356,  Ventoinha = 0%, Resistor = 100.0%
23/01/2023 14:46, Temperatura Interna = 0.0, Temperatura Referencial = 25, Temperatura Ambiente = 26.21512181191356,  Ventoinha = 0%, Resistor = 100.0%
23/01/2023 14:46, Temperatura Interna = 0.0, Temperatura Referencial = 25, Temperatura Ambiente = 26.22014366390649,  Ventoinha = 0%, Resistor = 100.0%
23/01/2023 14:46, Temperatura Interna = 0.0, Temperatura Referencial = 25, Temperatura Ambiente = 26.225165516190465,  Ventoinha = 0%, Resistor = 100.0%
23/01/2023 14:46, Temperatura Interna = 0.0, Temperatura Referencial = 25, Temperatura Ambiente = 26.225165516190465,  Ventoinha = 0%, Resistor = 100.0%
23/01/2023 14:46, Temperatura Interna = 0.0, Temperatura Referencial = 25, Temperatura Ambiente = 26.230187368765474,  Ventoinha = 0%, Resistor = 100.0%
23/01/2023 14:46, Temperatura Interna = 0.0, Temperatura Referencial = 25, Temperatura Ambiente = 26.230187368765474,  Ventoinha = 0%, Resistor = 100.0%
23/01/2023 14:46, Temperatura Interna = 0.0, Temperatura Referencial = 25, Temperatura Ambiente = 26.23520922163152,  Ventoinha = 0%, Resistor = 100.0%
23/01/2023 14:46, Temperatura Interna = 0.0, Temperatura Referencial = 25, Temperatura Ambiente = 26.240231074788607,  Ventoinha = 0%, Resistor = 100.0%
23/01/2023 14:46, Temperatura Interna = 0.0, Temperatura Referencial = 25, Temperatura Ambiente = 26.240231074788607,  Ventoinha = 0%, Resistor = 100.0%
23/01/2023 14:46, Temperatura Interna = 0.0, Temperatura Referencial = 25, Temperatura Ambiente = 26.240231074788607,  Ventoinha = 0%, Resistor = 100.0%
23/01/2023 14:46, Temperatura Interna = 0.0, Temperatura Referencial = 25, Temperatura Ambiente = 26.24525292823673,  Ventoinha = 0%, Resistor = 100.0%
23/01/2023 14:46, Temperatura Interna = 0.0, Temperatura Referencial = 25, Temperatura Ambiente = 26.24525292823673,  Ventoinha = 0%, Resistor = 100.0%
23/01/2023 14:46, Temperatura Interna = 0.0, Temperatura Referencial = 25, Temperatura Ambiente = 26.24525292823673,  Ventoinha = 0%, Resistor = 100.0%
23/01/2023 14:46, Temperatura Interna = 0.0, Temperatura Referencial = 25, Temperatura Ambiente = 26.24525292823673,  Ventoinha = 0%, Resistor = 100.0%
23/01/2023 14:46, Temperatura Interna = 0.0, Temperatura Referencial = 25, Temperatura Ambiente = 26.250274781975897,  Ventoinha = 0%, Resistor = 100.0%
23/01/2023 14:46, Temperatura Interna = 0.0, Temperatura Referencial = 25, Temperatura Ambiente = 26.250274781975897,  Ventoinha = 0%, Resistor = 100.0%
23/01/2023 14:46, Temperatura Interna = 0.0, Temperatura Referencial = 25, Temperatura Ambiente = 26.250274781975897,  Ventoinha = 0%, Resistor = 100.0%
23/01/2023 14:46, Temperatura Interna = 0.0, Temperatura Referencial = 25, Temperatura Ambiente = 26.250274781975897,  Ventoinha = 0%, Resistor = 100.0%
23/01/2023 14:46, Temperatura Interna = 0.0, Temperatura Referencial = 25, Temperatura Ambiente = 26.250274781975897,  Ventoinha = 0%, Resistor = 100.0%
23/01/2023 14:46, Temperatura Interna = 0.0, Temperatura Referencial = 25, Temperatura Ambiente = 26.250274781975897,  Ventoinha = 0%, Resistor = 100.0%
23/01/2023 14:46, Temperatura Interna = 0.0, Temperatura Referencial = 25, Temperatura Ambiente = 26.250274781975897,  Ventoinha = 0%, Resistor = 100.0%
23/01/2023 14:46, Temperatura Interna = 0.0, Temperatura Referencial = 25, Temperatura Ambiente = 26.250274781975897,  Ventoinha = 0%, Resistor = 100.0%
23/01/2023 14:46, Temperatura Interna = 0.0, Temperatura Referencial = 25, Temperatura Ambiente = 26.250274781975897,  Ventoinha = 0%, Resistor = 100.0%
23/01/2023 14:46, Temperatura Interna = 0.0, Temperatura Referencial = 25, Temperatura Ambiente = 26.250274781975897,  Ventoinha = 0%, Resistor = 100.0%
23/01/2023 14:46, Temperatura Interna = 0.0, Temperatura Referencial = 38, Temperatura Ambiente = 26.250274781975897,  Ventoinha = 0%, Resistor = 100.0%
23/01/2023 14:46, Temperatura Interna = 0.0, Temperatura Referencial = 0.0, Temperatura Ambiente = 26.250274781975897,  Ventoinha = 0%, Resistor = 0%
23/01/2023 14:46, Temperatura Interna = 58.9375, Temperatura Referencial = 40.0, Temperatura Ambiente = 26.24525292823673,  Ventoinha = 0%, Resistor = 0%
23/01/2023 14:46, Temperatura Interna = 58.9375, Temperatura Referencial = 40.0, Temperatura Ambiente = 26.24525292823673,  Ventoinha = 0%, Resistor = 0%
23/01/2023 14:46, Temperatura Interna = 58.9375, Temperatura Referencial = 40.0, Temperatura Ambiente = 26.24525292823673,  Ventoinha = 0%, Resistor = 0%
23/01/2023 14:46, Temperatura Interna = 58.9375, Temperatura Referencial = 40.0, Temperatura Ambiente = 26.24525292823673,  Ventoinha = 0%, Resistor = 0%
23/01/2023 14:46, Temperatura Interna = 59.0, Temperatura Referencial = 40.0, Temperatura Ambiente = 26.24525292823673,  Ventoinha = 0%, Resistor = 0%
23/01/2023 14:46, Temperatura Interna = 59.0, Temperatura Referencial = 40.0, Temperatura Ambiente = 26.24525292823673,  Ventoinha = 0%, Resistor = 0%
23/01/2023 14:46, Temperatura Interna = 59.0, Temperatura Referencial = 40.0, Temperatura Ambiente = 26.24525292823673,  Ventoinha = 0%, Resistor = 0%
23/01/2023 14:46, Temperatura Interna = 59.0, Temperatura Referencial = 40.0, Temperatura Ambiente = 26.240231074788607,  Ventoinha = 0%, Resistor = 0%
23/01/2023 14:46, Temperatura Interna = 59.0, Temperatura Referencial = 40.0, Temperatura Ambiente = 26.240231074788607,  Ventoinha = 0%, Resistor = 0%
23/01/2023 14:46, Temperatura Interna = 59.0, Temperatura Referencial = 40.0, Temperatura Ambiente = 26.240231074788607,  Ventoinha = 0%, Resistor = 0%
23/01/2023 14:46, Temperatura Interna = 59.0, Temperatura Referencial = 40.0, Temperatura Ambiente = 26.240231074788607,  Ventoinha = 0%, Resistor = 0%
23/01/2023 14:46, Temperatura Interna = 59.0, Temperatura Referencial = 40.0, Temperatura Ambiente = 26.240231074788607,  Ventoinha = 0%, Resistor = 0%
23/01/2023 14:47, Temperatura Interna = 59.0, Temperatura Referencial = 40.0, Temperatura Ambiente = 26.240231074788607,  Ventoinha = 0%, Resistor = 0%
23/01/2023 14:47, Temperatura Interna = 40.0, Temperatura Referencial = 0.0, Temperatura Ambiente = 26.240231074788607,  Ventoinha = 0%, Resistor = 0%
23/01/2023 14:47, Temperatura Interna = 59.0, Temperatura Referencial = 40.0, Temperatura Ambiente = 26.240231074788607,  Ventoinha = 0%, Resistor = 0%
23/01/2023 14:47, Temperatura Interna = 59.0, Temperatura Referencial = 40.0, Temperatura Ambiente = 26.240231074788607,  Ventoinha = 0%, Resistor = 0%
23/01/2023 14:47, Temperatura Interna = 59.0, Temperatura Referencial = 40.0, Temperatura Ambiente = 26.240231074788607,  Ventoinha = 0%, Resistor = 0%
23/01/2023 14:47, Temperatura Interna = 40.0, Temperatura Referencial = 0.0, Temperatura Ambiente = 26.240231074788607,  Ventoinha = -100.0%, Resistor = 0%
23/01/2023 14:47, Temperatura Interna = 59.0, Temperatura Referencial = 40.0, Temperatura Ambiente = 26.240231074788607,  Ventoinha = -100.0%, Resistor = 0%
23/01/2023 14:47, Temperatura Interna = 59.0, Temperatura Referencial = 40.0, Temperatura Ambiente = 26.240231074788607,  Ventoinha = -100.0%, Resistor = 0%
23/01/2023 14:47, Temperatura Interna = 59.0, Temperatura Referencial = 40.0, Temperatura Ambiente = 26.240231074788607,  Ventoinha = -100.0%, Resistor = 0%
23/01/2023 14:47, Temperatura Interna = 59.0, Temperatura Referencial = 40.0, Temperatura Ambiente = 26.240231074788607,  Ventoinha = -100.0%, Resistor = 0%
23/01/2023 14:47, Temperatura Interna = 59.0, Temperatura Referencial = 40.0, Temperatura Ambiente = 26.23520922163152,  Ventoinha = -100.0%, Resistor = 0%
23/01/2023 14:47, Temperatura Interna = 40.0, Temperatura Referencial = 25, Temperatura Ambiente = 26.23520922163152,  Ventoinha = -100.0%, Resistor = 0%
23/01/2023 14:47, Temperatura Interna = 1.401298464324817e-45, Temperatura Referencial = 25, Temperatura Ambiente = 26.23520922163152,  Ventoinha = 0%, Resistor = 100.0%
23/01/2023 14:47, Temperatura Interna = 0.0, Temperatura Referencial = 25, Temperatura Ambiente = 26.23520922163152,  Ventoinha = 0%, Resistor = 100.0%
23/01/2023 14:47, Temperatura Interna = 0.0, Temperatura Referencial = 25, Temperatura Ambiente = 26.23520922163152,  Ventoinha = 0%, Resistor = 100.0%
23/01/2023 14:47, Temperatura Interna = 0.0, Temperatura Referencial = 25, Temperatura Ambiente = 26.23520922163152,  Ventoinha = 0%, Resistor = 100.0%
23/01/2023 14:47, Temperatura Interna = 0.0, Temperatura Referencial = 25, Temperatura Ambiente = 26.23520922163152,  Ventoinha = 0%, Resistor = 100.0%
23/01/2023 14:47, Temperatura Interna = 0.0, Temperatura Referencial = 25, Temperatura Ambiente = 26.23520922163152,  Ventoinha = 0%, Resistor = 100.0%
23/01/2023 14:47, Temperatura Interna = 0.0, Temperatura Referencial = 25, Temperatura Ambiente = 26.23520922163152,  Ventoinha = 0%, Resistor = 100.0%
23/01/2023 14:47, Temperatura Interna = 0.0, Temperatura Referencial = 25, Temperatura Ambiente = 26.23520922163152,  Ventoinha = 0%, Resistor = 100.0%
23/01/2023 14:47, Temperatura Interna = 0.0, Temperatura Referencial = 25, Temperatura Ambiente = 26.23520922163152,  Ventoinha = 0%, Resistor = 100.0%
23/01/2023 14:47, Temperatura Interna = 0.0, Temperatura Referencial = 25, Temperatura Ambiente = 26.23520922163152,  Ventoinha = 0%, Resistor = 100.0%
23/01/2023 14:47, Temperatura Interna = 0.0, Temperatura Referencial = 25, Temperatura Ambiente = 26.240231074788607,  Ventoinha = 0%, Resistor = 100.0%
23/01/2023 14:47, Temperatura Interna = 0.0, Temperatura Referencial = 25, Temperatura Ambiente = 26.240231074788607,  Ventoinha = 0%, Resistor = 100.0%
23/01/2023 14:47, Temperatura Interna = 0.0, Temperatura Referencial = 25, Temperatura Ambiente = 26.240231074788607,  Ventoinha = 0%, Resistor = 100.0%
23/01/2023 14:47, Temperatura Interna = 0.0, Temperatura Referencial = 25, Temperatura Ambiente = 26.240231074788607,  Ventoinha = 0%, Resistor = 100.0%
23/01/2023 14:47, Temperatura Interna = 0.0, Temperatura Referencial = 25, Temperatura Ambiente = 26.240231074788607,  Ventoinha = 0%, Resistor = 100.0%
23/01/2023 14:47, Temperatura Interna = 0.0, Temperatura Referencial = 25, Temperatura Ambiente = 26.240231074788607,  Ventoinha = 0%, Resistor = 100.0%
23/01/2023 14:47, Temperatura Interna = 0.0, Temperatura Referencial = 25, Temperatura Ambiente = 26.240231074788607,  Ventoinha = 0%, Resistor = 100.0%
23/01/2023 14:47, Temperatura Interna = 0.0, Temperatura Referencial = 25, Temperatura Ambiente = 26.240231074788607,  Ventoinha = 0%, Resistor = 100.0%
23/01/2023 14:47, Temperatura Interna = 0.0, Temperatura Referencial = 25, Temperatura Ambiente = 26.23520922163152,  Ventoinha = 0%, Resistor = 100.0%
23/01/2023 14:47, Temperatura Interna = 0.0, Temperatura Referencial = 25, Temperatura Ambiente = 26.23520922163152,  Ventoinha = 0%, Resistor = 100.0%
23/01/2023 14:47, Temperatura Interna = 0.0, Temperatura Referencial = 25, Temperatura Ambiente = 26.23520922163152,  Ventoinha = 0%, Resistor = 100.0%
23/01/2023 14:47, Temperatura Interna = 0.0, Temperatura Referencial = 25, Temperatura Ambiente = 26.23520922163152,  Ventoinha = 0%, Resistor = 100.0%
23/01/2023 14:47, Temperatura Interna = 0.0, Temperatura Referencial = 25, Temperatura Ambiente = 26.230187368765474,  Ventoinha = 0%, Resistor = 100.0%
23/01/2023 14:47, Temperatura Interna = 0.0, Temperatura Referencial = 25, Temperatura Ambiente = 26.230187368765474,  Ventoinha = 0%, Resistor = 100.0%
23/01/2023 14:47, Temperatura Interna = 0.0, Temperatura Referencial = 25, Temperatura Ambiente = 26.225165516190465,  Ventoinha = 0%, Resistor = 100.0%
23/01/2023 14:47, Temperatura Interna = 0.0, Temperatura Referencial = 25, Temperatura Ambiente = 26.225165516190465,  Ventoinha = 0%, Resistor = 100.0%
23/01/2023 14:47, Temperatura Interna = 0.0, Temperatura Referencial = 25, Temperatura Ambiente = 26.225165516190465,  Ventoinha = 0%, Resistor = 100.0%
23/01/2023 14:47, Temperatura Interna = 0.0, Temperatura Referencial = 25, Temperatura Ambiente = 26.225165516190465,  Ventoinha = 0%, Resistor = 100.0%
23/01/2023 14:47, Temperatura Interna = 0.0, Temperatura Referencial = 25, Temperatura Ambiente = 26.22014366390649,  Ventoinha = 0%, Resistor = 100.0%
23/01/2023 14:47, Temperatura Interna = 0.0, Temperatura Referencial = 25, Temperatura Ambiente = 26.22014366390649,  Ventoinha = 0%, Resistor = 100.0%
23/01/2023 14:47, Temperatura Interna = 0.0, Temperatura Referencial = 25, Temperatura Ambiente = 26.22014366390649,  Ventoinha = 0%, Resistor = 100.0%
23/01/2023 14:47, Temperatura Interna = 0.0, Temperatura Referencial = 25, Temperatura Ambiente = 26.22014366390649,  Ventoinha = 0%, Resistor = 100.0%
23/01/2023 14:47, Temperatura Interna = 0.0, Temperatura Referencial = 25, Temperatura Ambiente = 26.22014366390649,  Ventoinha = 0%, Resistor = 100.0%
23/01/2023 14:47, Temperatura Interna = 0.0, Temperatura Referencial = 25, Temperatura Ambiente = 26.21512181191356,  Ventoinha = 0%, Resistor = 100.0%
23/01/2023 14:47, Temperatura Interna = 0.0, Temperatura Referencial = 25, Temperatura Ambiente = 26.21512181191356,  Ventoinha = 0%, Resistor = 100.0%
23/01/2023 14:47, Temperatura Interna = 0.0, Temperatura Referencial = 25, Temperatura Ambiente = 26.210099960211664,  Ventoinha = 0%, Resistor = 100.0%
23/01/2023 14:47, Temperatura Interna = 0.0, Temperatura Referencial = 25, Temperatura Ambiente = 26.210099960211664,  Ventoinha = 0%, Resistor = 100.0%
23/01/2023 14:47, Temperatura Interna = 0.0, Temperatura Referencial = 25, Temperatura Ambiente = 26.210099960211664,  Ventoinha = 0%, Resistor = 100.0%
23/01/2023 14:47, Temperatura Interna = 0.0, Temperatura Referencial = 25, Temperatura Ambiente = 26.20507810880081,  Ventoinha = 0%, Resistor = 100.0%
23/01/2023 14:47, Temperatura Interna = 0.0, Temperatura Referencial = 25, Temperatura Ambiente = 26.20507810880081,  Ventoinha = 0%, Resistor = 100.0%
23/01/2023 14:47, Temperatura Interna = 0.0, Temperatura Referencial = 25, Temperatura Ambiente = 26.20005625768099,  Ventoinha = 0%, Resistor = 100.0%
23/01/2023 14:47, Temperatura Interna = 0.0, Temperatura Referencial = 25, Temperatura Ambiente = 26.20005625768099,  Ventoinha = 0%, Resistor = 100.0%
23/01/2023 14:47, Temperatura Interna = 0.0, Temperatura Referencial = 25, Temperatura Ambiente = 26.20005625768099,  Ventoinha = 0%, Resistor = 100.0%
23/01/2023 14:47, Temperatura Interna = 0.0, Temperatura Referencial = 25, Temperatura Ambiente = 26.20005625768099,  Ventoinha = 0%, Resistor = 100.0%
23/01/2023 14:47, Temperatura Interna = 0.0, Temperatura Referencial = 25, Temperatura Ambiente = 26.20005625768099,  Ventoinha = 0%, Resistor = 100.0%
23/01/2023 14:47, Temperatura Interna = 0.0, Temperatura Referencial = 25, Temperatura Ambiente = 26.19503440685221,  Ventoinha = 0%, Resistor = 100.0%
23/01/2023 14:48, Temperatura Interna = 0.0, Temperatura Referencial = 25, Temperatura Ambiente = 26.19503440685221,  Ventoinha = 0%, Resistor = 100.0%
23/01/2023 14:48, Temperatura Interna = 0.0, Temperatura Referencial = 25, Temperatura Ambiente = 26.19503440685221,  Ventoinha = 0%, Resistor = 100.0%
23/01/2023 14:48, Temperatura Interna = 0.0, Temperatura Referencial = 25, Temperatura Ambiente = 26.19503440685221,  Ventoinha = 0%, Resistor = 100.0%
23/01/2023 14:48, Temperatura Interna = 0.0, Temperatura Referencial = 25, Temperatura Ambiente = 26.190012556314468,  Ventoinha = 0%, Resistor = 100.0%
23/01/2023 14:48, Temperatura Interna = 0.0, Temperatura Referencial = 25, Temperatura Ambiente = 26.190012556314468,  Ventoinha = 0%, Resistor = 100.0%
23/01/2023 14:48, Temperatura Interna = 0.0, Temperatura Referencial = 25, Temperatura Ambiente = 26.190012556314468,  Ventoinha = 0%, Resistor = 100.0%
23/01/2023 14:48, Temperatura Interna = 0.0, Temperatura Referencial = 25, Temperatura Ambiente = 26.190012556314468,  Ventoinha = 0%, Resistor = 100.0%
23/01/2023 14:48, Temperatura Interna = 0.0, Temperatura Referencial = 25, Temperatura Ambiente = 26.184990706067765,  Ventoinha = 0%, Resistor = 100.0%
23/01/2023 14:48, Temperatura Interna = 0.0, Temperatura Referencial = 25, Temperatura Ambiente = 26.1799688561121,  Ventoinha = 0%, Resistor = 100.0%
23/01/2023 14:48, Temperatura Interna = 0.0, Temperatura Referencial = 25, Temperatura Ambiente = 26.1799688561121,  Ventoinha = 0%, Resistor = 100.0%
23/01/2023 14:48, Temperatura Interna = 0.0, Temperatura Referencial = 25, Temperatura Ambiente = 26.174947006447475,  Ventoinha = 0%, Resistor = 100.0%
23/01/2023 14:48, Temperatura Interna = 0.0, Temperatura Referencial = 25, Temperatura Ambiente = 26.174947006447475,  Ventoinha = 0%, Resistor = 100.0%
23/01/2023 14:48, Temperatura Interna = 0.0, Temperatura Referencial = 25, Temperatura Ambiente = 26.174947006447475,  Ventoinha = 0%, Resistor = 100.0%
23/01/2023 14:48, Temperatura Interna = 0.0, Temperatura Referencial = 38, Temperatura Ambiente = 26.169925157073884,  Ventoinha = 0%, Resistor = 100.0%
23/01/2023 14:48, Temperatura Interna = 0.0, Temperatura Referencial = 38, Temperatura Ambiente = 26.164903307991334,  Ventoinha = 0%, Resistor = 100.0%
23/01/2023 14:48, Temperatura Interna = 0.0, Temperatura Referencial = 38, Temperatura Ambiente = 26.159881459199823,  Ventoinha = 0%, Resistor = 100.0%
23/01/2023 14:48, Temperatura Interna = 0.0, Temperatura Referencial = 38, Temperatura Ambiente = 26.159881459199823,  Ventoinha = 0%, Resistor = 100.0%
23/01/2023 14:48, Temperatura Interna = 0.0, Temperatura Referencial = 38, Temperatura Ambiente = 26.15485961069935,  Ventoinha = 0%, Resistor = 100.0%
23/01/2023 14:48, Temperatura Interna = 0.0, Temperatura Referencial = 38, Temperatura Ambiente = 26.15485961069935,  Ventoinha = 0%, Resistor = 100.0%
23/01/2023 14:48, Temperatura Interna = 0.0, Temperatura Referencial = 38, Temperatura Ambiente = 26.149837762489916,  Ventoinha = 0%, Resistor = 100.0%
23/01/2023 14:48, Temperatura Interna = 0.0, Temperatura Referencial = 38, Temperatura Ambiente = 26.144815914571517,  Ventoinha = 0%, Resistor = 100.0%
23/01/2023 14:48, Temperatura Interna = 0.0, Temperatura Referencial = 38, Temperatura Ambiente = 26.144815914571517,  Ventoinha = 0%, Resistor = 100.0%
23/01/2023 14:48, Temperatura Interna = 0.0, Temperatura Referencial = 38, Temperatura Ambiente = 26.13979406694416,  Ventoinha = 0%, Resistor = 100.0%
23/01/2023 14:48, Temperatura Interna = 0.0, Temperatura Referencial = 38, Temperatura Ambiente = 26.13477221960784,  Ventoinha = 0%, Resistor = 100.0%
23/01/2023 14:48, Temperatura Interna = 0.0, Temperatura Referencial = 38, Temperatura Ambiente = 26.13477221960784,  Ventoinha = 0%, Resistor = 100.0%
23/01/2023 14:48, Temperatura Interna = 0.0, Temperatura Referencial = 38, Temperatura Ambiente = 26.129750372562558,  Ventoinha = 0%, Resistor = 100.0%
23/01/2023 14:48, Temperatura Interna = 0.0, Temperatura Referencial = 38, Temperatura Ambiente = 26.129750372562558,  Ventoinha = 0%, Resistor = 100.0%
23/01/2023 14:48, Temperatura Interna = 0.0, Temperatura Referencial = 38, Temperatura Ambiente = 26.129750372562558,  Ventoinha = 0%, Resistor = 100.0%
23/01/2023 14:48, Temperatura Interna = 0.0, Temperatura Referencial = 38, Temperatura Ambiente = 26.124728525808315,  Ventoinha = 0%, Resistor = 100.0%
23/01/2023 14:48, Temperatura Interna = 0.0, Temperatura Referencial = 38, Temperatura Ambiente = 26.124728525808315,  Ventoinha = 0%, Resistor = 100.0%
23/01/2023 14:48, Temperatura Interna = 0.0, Temperatura Referencial = 38, Temperatura Ambiente = 26.124728525808315,  Ventoinha = 0%, Resistor = 100.0%
23/01/2023 14:48, Temperatura Interna = 0.0, Temperatura Referencial = 38, Temperatura Ambiente = 26.119706679345107,  Ventoinha = 0%, Resistor = 100.0%
23/01/2023 14:48, Temperatura Interna = 0.0, Temperatura Referencial = 38, Temperatura Ambiente = 26.119706679345107,  Ventoinha = 0%, Resistor = 100.0%
23/01/2023 14:48, Temperatura Interna = 0.0, Temperatura Referencial = 38, Temperatura Ambiente = 26.11468483317294,  Ventoinha = 0%, Resistor = 100.0%
23/01/2023 14:48, Temperatura Interna = 0.0, Temperatura Referencial = 38, Temperatura Ambiente = 26.11468483317294,  Ventoinha = 0%, Resistor = 100.0%
23/01/2023 14:48, Temperatura Interna = 0.0, Temperatura Referencial = 38, Temperatura Ambiente = 26.11468483317294,  Ventoinha = 0%, Resistor = 100.0%
23/01/2023 14:48, Temperatura Interna = 0.0, Temperatura Referencial = 38, Temperatura Ambiente = 26.109662987291813,  Ventoinha = 0%, Resistor = 100.0%
23/01/2023 14:48, Temperatura Interna = 0.0, Temperatura Referencial = 38, Temperatura Ambiente = 26.109662987291813,  Ventoinha = 0%, Resistor = 100.0%
23/01/2023 14:48, Temperatura Interna = 0.0, Temperatura Referencial = 38, Temperatura Ambiente = 26.104641141701723,  Ventoinha = 0%, Resistor = 100.0%
23/01/2023 14:48, Temperatura Interna = 0.0, Temperatura Referencial = 38, Temperatura Ambiente = 26.104641141701723,  Ventoinha = 0%, Resistor = 100.0%
23/01/2023 14:48, Temperatura Interna = 0.0, Temperatura Referencial = 38, Temperatura Ambiente = 26.104641141701723,  Ventoinha = 0%, Resistor = 100.0%
23/01/2023 14:48, Temperatura Interna = 0.0, Temperatura Referencial = 38, Temperatura Ambiente = 26.104641141701723,  Ventoinha = 0%, Resistor = 100.0%
23/01/2023 14:48, Temperatura Interna = 0.0, Temperatura Referencial = 38, Temperatura Ambiente = 26.104641141701723,  Ventoinha = 0%, Resistor = 100.0%
23/01/2023 14:48, Temperatura Interna = 0.0, Temperatura Referencial = 38, Temperatura Ambiente = 26.109662987291813,  Ventoinha = 0%, Resistor = 100.0%
23/01/2023 14:48, Temperatura Interna = 0.0, Temperatura Referencial = 38, Temperatura Ambiente = 26.109662987291813,  Ventoinha = 0%, Resistor = 100.0%
23/01/2023 14:48, Temperatura Interna = 0.0, Temperatura Referencial = 38, Temperatura Ambiente = 26.104641141701723,  Ventoinha = 0%, Resistor = 100.0%
23/01/2023 14:48, Temperatura Interna = 0.0, Temperatura Referencial = 38, Temperatura Ambiente = 26.104641141701723,  Ventoinha = 0%, Resistor = 100.0%
23/01/2023 14:48, Temperatura Interna = 0.0, Temperatura Referencial = 38, Temperatura Ambiente = 26.104641141701723,  Ventoinha = 0%, Resistor = 100.0%
23/01/2023 14:48, Temperatura Interna = 0.0, Temperatura Referencial = 38, Temperatura Ambiente = 26.104641141701723,  Ventoinha = 0%, Resistor = 100.0%
23/01/2023 14:48, Temperatura Interna = 0.0, Temperatura Referencial = 38, Temperatura Ambiente = 26.099619296402672,  Ventoinha = 0%, Resistor = 100.0%
23/01/2023 14:48, Temperatura Interna = 0.0, Temperatura Referencial = 38, Temperatura Ambiente = 26.099619296402672,  Ventoinha = 0%, Resistor = 100.0%
23/01/2023 14:48, Temperatura Interna = 0.0, Temperatura Referencial = 38, Temperatura Ambiente = 26.099619296402672,  Ventoinha = 0%, Resistor = 100.0%
23/01/2023 14:48, Temperatura Interna = 0.0, Temperatura Referencial = 38, Temperatura Ambiente = 26.094597451394655,  Ventoinha = 0%, Resistor = 100.0%
23/01/2023 14:48, Temperatura Interna = 0.0, Temperatura Referencial = 38, Temperatura Ambiente = 26.094597451394655,  Ventoinha = 0%, Resistor = 100.0%
23/01/2023 14:48, Temperatura Interna = 0.0, Temperatura Referencial = 38, Temperatura Ambiente = 26.08957560667768,  Ventoinha = 0%, Resistor = 100.0%
23/01/2023 14:48, Temperatura Interna = 0.0, Temperatura Referencial = 38, Temperatura Ambiente = 26.08957560667768,  Ventoinha = 0%, Resistor = 100.0%
23/01/2023 14:48, Temperatura Interna = 0.0, Temperatura Referencial = 38, Temperatura Ambiente = 26.08957560667768,  Ventoinha = 0%, Resistor = 100.0%
23/01/2023 14:48, Temperatura Interna = 0.0, Temperatura Referencial = 38, Temperatura Ambiente = 26.08957560667768,  Ventoinha = 0%, Resistor = 100.0%
23/01/2023 14:49, Temperatura Interna = 0.0, Temperatura Referencial = 38, Temperatura Ambiente = 26.084553762251744,  Ventoinha = 0%, Resistor = 100.0%
23/01/2023 14:49, Temperatura Interna = 0.0, Temperatura Referencial = 38, Temperatura Ambiente = 26.084553762251744,  Ventoinha = 0%, Resistor = 100.0%
23/01/2023 14:49, Temperatura Interna = 0.0, Temperatura Referencial = 38, Temperatura Ambiente = 26.084553762251744,  Ventoinha = 0%, Resistor = 100.0%
23/01/2023 15:04, Temperatura Interna = 43.25, Temperatura Referencial = 55.0, Temperatura Ambiente = 26.074510074272986,  Ventoinha = 0%, Resistor = 0%
23/01/2023 15:04, Temperatura Interna = 43.375, Temperatura Referencial = 55.0, Temperatura Ambiente = 26.074510074272986,  Ventoinha = 0%, Resistor = 0%
23/01/2023 15:04, Temperatura Interna = 43.5, Temperatura Referencial = 55.0, Temperatura Ambiente = 26.06948823072016,  Ventoinha = 0%, Resistor = 0%
23/01/2023 15:04, Temperatura Interna = 43.625, Temperatura Referencial = 55.0, Temperatura Ambiente = 26.06948823072016,  Ventoinha = 0%, Resistor = 0%
23/01/2023 15:04, Temperatura Interna = 43.6875, Temperatura Referencial = 55.0, Temperatura Ambiente = 26.064466387458378,  Ventoinha = 0%, Resistor = 0%
23/01/2023 15:04, Temperatura Interna = 43.875, Temperatura Referencial = 55.0, Temperatura Ambiente = 26.064466387458378,  Ventoinha = 0%, Resistor = 0%
23/01/2023 15:04, Temperatura Interna = 43.9375, Temperatura Referencial = 55.0, Temperatura Ambiente = 26.064466387458378,  Ventoinha = 0%, Resistor = 0%
23/01/2023 15:04, Temperatura Interna = 44.0625, Temperatura Referencial = 55.0, Temperatura Ambiente = 26.064466387458378,  Ventoinha = 0%, Resistor = 0%
23/01/2023 15:04, Temperatura Interna = 44.1875, Temperatura Referencial = 55.0, Temperatura Ambiente = 26.064466387458378,  Ventoinha = 0%, Resistor = 0%
23/01/2023 15:04, Temperatura Interna = 44.3125, Temperatura Referencial = 55.0, Temperatura Ambiente = 26.06948823072016,  Ventoinha = 0%, Resistor = 100.0%
23/01/2023 15:04, Temperatura Interna = 44.4375, Temperatura Referencial = 55.0, Temperatura Ambiente = 26.06948823072016,  Ventoinha = 0%, Resistor = 100.0%
23/01/2023 15:04, Temperatura Interna = 44.5625, Temperatura Referencial = 55.0, Temperatura Ambiente = 26.074510074272986,  Ventoinha = 0%, Resistor = 100.0%
23/01/2023 15:04, Temperatura Interna = 44.6875, Temperatura Referencial = 55.0, Temperatura Ambiente = 26.079531918116846,  Ventoinha = 0%, Resistor = 100.0%
23/01/2023 15:04, Temperatura Interna = 44.8125, Temperatura Referencial = 55.0, Temperatura Ambiente = 26.079531918116846,  Ventoinha = 0%, Resistor = 100.0%
23/01/2023 15:04, Temperatura Interna = 44.9375, Temperatura Referencial = 25, Temperatura Ambiente = 26.079531918116846,  Ventoinha = -100.0%, Resistor = 0%
23/01/2023 15:04, Temperatura Interna = 45.0625, Temperatura Referencial = 25, Temperatura Ambiente = 26.084553762251744,  Ventoinha = -100.0%, Resistor = 0%
23/01/2023 15:04, Temperatura Interna = 45.1875, Temperatura Referencial = 25, Temperatura Ambiente = 26.084553762251744,  Ventoinha = -100.0%, Resistor = 0%
23/01/2023 15:04, Temperatura Interna = 45.3125, Temperatura Referencial = 25, Temperatura Ambiente = 26.08957560667768,  Ventoinha = -100.0%, Resistor = 0%
23/01/2023 15:04, Temperatura Interna = 45.4375, Temperatura Referencial = 25, Temperatura Ambiente = 26.08957560667768,  Ventoinha = -100.0%, Resistor = 0%
23/01/2023 15:04, Temperatura Interna = 45.5625, Temperatura Referencial = 25, Temperatura Ambiente = 26.08957560667768,  Ventoinha = -100.0%, Resistor = 0%
23/01/2023 15:05, Temperatura Interna = 45.6875, Temperatura Referencial = 25, Temperatura Ambiente = 26.08957560667768,  Ventoinha = -100.0%, Resistor = 0%
23/01/2023 15:05, Temperatura Interna = 45.875, Temperatura Referencial = 25, Temperatura Ambiente = 26.094597451394655,  Ventoinha = -100.0%, Resistor = 0%
23/01/2023 15:05, Temperatura Interna = 45.9375, Temperatura Referencial = 25, Temperatura Ambiente = 26.094597451394655,  Ventoinha = -100.0%, Resistor = 0%
23/01/2023 15:05, Temperatura Interna = 46.125, Temperatura Referencial = 25, Temperatura Ambiente = 26.094597451394655,  Ventoinha = -100.0%, Resistor = 0%
23/01/2023 15:05, Temperatura Interna = 46.25, Temperatura Referencial = 25, Temperatura Ambiente = 26.094597451394655,  Ventoinha = -100.0%, Resistor = 0%
23/01/2023 15:05, Temperatura Interna = 46.375, Temperatura Referencial = 25, Temperatura Ambiente = 26.099619296402672,  Ventoinha = -100.0%, Resistor = 0%
23/01/2023 15:05, Temperatura Interna = 46.5, Temperatura Referencial = 25, Temperatura Ambiente = 26.099619296402672,  Ventoinha = -100.0%, Resistor = 0%
23/01/2023 15:05, Temperatura Interna = 46.625, Temperatura Referencial = 25, Temperatura Ambiente = 26.099619296402672,  Ventoinha = -100.0%, Resistor = 0%
23/01/2023 15:05, Temperatura Interna = 46.75, Temperatura Referencial = 25, Temperatura Ambiente = 26.099619296402672,  Ventoinha = -100.0%, Resistor = 0%
23/01/2023 15:05, Temperatura Interna = 46.875, Temperatura Referencial = 25, Temperatura Ambiente = 26.104641141701723,  Ventoinha = -100.0%, Resistor = 0%
23/01/2023 15:05, Temperatura Interna = 47.0625, Temperatura Referencial = 25, Temperatura Ambiente = 26.104641141701723,  Ventoinha = -100.0%, Resistor = 0%
23/01/2023 15:05, Temperatura Interna = 47.125, Temperatura Referencial = 25, Temperatura Ambiente = 26.104641141701723,  Ventoinha = -100.0%, Resistor = 0%
23/01/2023 15:05, Temperatura Interna = 47.3125, Temperatura Referencial = 25, Temperatura Ambiente = 26.104641141701723,  Ventoinha = -100.0%, Resistor = 0%
23/01/2023 15:05, Temperatura Interna = 47.4375, Temperatura Referencial = 25, Temperatura Ambiente = 26.109662987291813,  Ventoinha = -100.0%, Resistor = 0%
23/01/2023 15:05, Temperatura Interna = 47.5625, Temperatura Referencial = 25, Temperatura Ambiente = 26.109662987291813,  Ventoinha = -100.0%, Resistor = 0%
23/01/2023 15:05, Temperatura Interna = 47.6875, Temperatura Referencial = 55.0, Temperatura Ambiente = 26.109662987291813,  Ventoinha = 0%, Resistor = 100.0%
23/01/2023 15:05, Temperatura Interna = 47.8125, Temperatura Referencial = 55.0, Temperatura Ambiente = 26.11468483317294,  Ventoinha = 0%, Resistor = 100.0%
23/01/2023 15:05, Temperatura Interna = 48.0, Temperatura Referencial = 55.0, Temperatura Ambiente = 26.11468483317294,  Ventoinha = 0%, Resistor = 100.0%
23/01/2023 15:05, Temperatura Interna = 48.125, Temperatura Referencial = 55.0, Temperatura Ambiente = 26.11468483317294,  Ventoinha = 0%, Resistor = 100.0%
23/01/2023 15:05, Temperatura Interna = 48.25, Temperatura Referencial = 55.0, Temperatura Ambiente = 26.119706679345107,  Ventoinha = 0%, Resistor = 100.0%
23/01/2023 15:05, Temperatura Interna = 48.375, Temperatura Referencial = 55.0, Temperatura Ambiente = 26.124728525808315,  Ventoinha = 0%, Resistor = 100.0%
23/01/2023 15:05, Temperatura Interna = 48.5625, Temperatura Referencial = 55.0, Temperatura Ambiente = 26.124728525808315,  Ventoinha = 0%, Resistor = 100.0%
23/01/2023 15:05, Temperatura Interna = 48.6875, Temperatura Referencial = 55.0, Temperatura Ambiente = 26.129750372562558,  Ventoinha = 0%, Resistor = 100.0%
23/01/2023 15:05, Temperatura Interna = 48.8125, Temperatura Referencial = 55.0, Temperatura Ambiente = 26.129750372562558,  Ventoinha = 0%, Resistor = 100.0%
23/01/2023 15:05, Temperatura Interna = 48.9375, Temperatura Referencial = 55.0, Temperatura Ambiente = 26.13477221960784,  Ventoinha = 0%, Resistor = 100.0%
23/01/2023 15:05, Temperatura Interna = 49.125, Temperatura Referencial = 55.0, Temperatura Ambiente = 26.13477221960784,  Ventoinha = 0%, Resistor = 100.0%
23/01/2023 15:05, Temperatura Interna = 49.25, Temperatura Referencial = 55.0, Temperatura Ambiente = 26.13979406694416,  Ventoinha = 0%, Resistor = 100.0%
23/01/2023 15:05, Temperatura Interna = 49.4375, Temperatura Referencial = 55.0, Temperatura Ambiente = 26.13979406694416,  Ventoinha = 0%, Resistor = 100.0%
23/01/2023 15:05, Temperatura Interna = 49.5, Temperatura Referencial = 55.0, Temperatura Ambiente = 26.144815914571517,  Ventoinha = 0%, Resistor = 100.0%
23/01/2023 15:05, Temperatura Interna = 49.6875, Temperatura Referencial = 55.0, Temperatura Ambiente = 26.144815914571517,  Ventoinha = 0%, Resistor = 100.0%
23/01/2023 15:05, Temperatura Interna = 49.8125, Temperatura Referencial = 55.0, Temperatura Ambiente = 26.149837762489916,  Ventoinha = 0%, Resistor = 100.0%
23/01/2023 15:05, Temperatura Interna = 50.0, Temperatura Referencial = 55.0, Temperatura Ambiente = 26.149837762489916,  Ventoinha = 0%, Resistor = 100.0%
23/01/2023 15:05, Temperatura Interna = 50.125, Temperatura Referencial = 55.0, Temperatura Ambiente = 26.15485961069935,  Ventoinha = 0%, Resistor = 100.0%
23/01/2023 15:05, Temperatura Interna = 50.25, Temperatura Referencial = 55.0, Temperatura Ambiente = 26.15485961069935,  Ventoinha = 0%, Resistor = 100.0%
23/01/2023 15:05, Temperatura Interna = 50.375, Temperatura Referencial = 55.0, Temperatura Ambiente = 26.159881459199823,  Ventoinha = 0%, Resistor = 100.0%
23/01/2023 15:05, Temperatura Interna = 50.5625, Temperatura Referencial = 55.0, Temperatura Ambiente = 26.159881459199823,  Ventoinha = 0%, Resistor = 100.0%
23/01/2023 15:05, Temperatura Interna = 50.6875, Temperatura Referencial = 55.0, Temperatura Ambiente = 26.164903307991334,  Ventoinha = 0%, Resistor = 100.0%
23/01/2023 15:06, Temperatura Interna = 50.8125, Temperatura Referencial = 55.0, Temperatura Ambiente = 26.164903307991334,  Ventoinha = 0%, Resistor = 100.0%
23/01/2023 15:06, Temperatura Interna = 50.9375, Temperatura Referencial = 55.0, Temperatura Ambiente = 26.169925157073884,  Ventoinha = 0%, Resistor = 100.0%
23/01/2023 15:06, Temperatura Interna = 51.125, Temperatura Referencial = 55.0, Temperatura Ambiente = 26.174947006447475,  Ventoinha = 0%, Resistor = 100.0%
23/01/2023 15:06, Temperatura Interna = 51.3125, Temperatura Referencial = 55.0, Temperatura Ambiente = 26.174947006447475,  Ventoinha = 0%, Resistor = 100.0%
23/01/2023 15:06, Temperatura Interna = 51.375, Temperatura Referencial = 55.0, Temperatura Ambiente = 26.1799688561121,  Ventoinha = 0%, Resistor = 100.0%
23/01/2023 15:06, Temperatura Interna = 51.5625, Temperatura Referencial = 55.0, Temperatura Ambiente = 26.1799688561121,  Ventoinha = 0%, Resistor = 100.0%
23/01/2023 15:06, Temperatura Interna = 51.75, Temperatura Referencial = 55.0, Temperatura Ambiente = 26.184990706067765,  Ventoinha = 0%, Resistor = 100.0%
23/01/2023 15:06, Temperatura Interna = 51.875, Temperatura Referencial = 55.0, Temperatura Ambiente = 26.190012556314468,  Ventoinha = 0%, Resistor = 100.0%
23/01/2023 15:06, Temperatura Interna = 52.0, Temperatura Referencial = 25, Temperatura Ambiente = 26.19503440685221,  Ventoinha = -100.0%, Resistor = 0%
23/01/2023 15:06, Temperatura Interna = 52.125, Temperatura Referencial = 25, Temperatura Ambiente = 26.20005625768099,  Ventoinha = -100.0%, Resistor = 0%
23/01/2023 15:06, Temperatura Interna = 52.3125, Temperatura Referencial = 25, Temperatura Ambiente = 26.20005625768099,  Ventoinha = -100.0%, Resistor = 0%
23/01/2023 15:06, Temperatura Interna = 52.4375, Temperatura Referencial = 25, Temperatura Ambiente = 26.20507810880081,  Ventoinha = -100.0%, Resistor = 0%
23/01/2023 15:06, Temperatura Interna = 52.5625, Temperatura Referencial = 25, Temperatura Ambiente = 26.210099960211664,  Ventoinha = -100.0%, Resistor = 0%
23/01/2023 15:06, Temperatura Interna = 52.75, Temperatura Referencial = 25, Temperatura Ambiente = 26.21512181191356,  Ventoinha = -100.0%, Resistor = 0%
23/01/2023 15:06, Temperatura Interna = 52.875, Temperatura Referencial = 25, Temperatura Ambiente = 26.21512181191356,  Ventoinha = -100.0%, Resistor = 0%
23/01/2023 15:06, Temperatura Interna = 53.0, Temperatura Referencial = 25, Temperatura Ambiente = 26.22014366390649,  Ventoinha = -100.0%, Resistor = 0%
23/01/2023 15:06, Temperatura Interna = 53.125, Temperatura Referencial = 25, Temperatura Ambiente = 26.22014366390649,  Ventoinha = -100.0%, Resistor = 0%
23/01/2023 15:06, Temperatura Interna = 53.25, Temperatura Referencial = 25, Temperatura Ambiente = 26.225165516190465,  Ventoinha = -100.0%, Resistor = 0%
23/01/2023 15:06, Temperatura Interna = 53.4375, Temperatura Referencial = 25, Temperatura Ambiente = 26.225165516190465,  Ventoinha = -100.0%, Resistor = 0%
23/01/2023 15:06, Temperatura Interna = 53.5625, Temperatura Referencial = 25, Temperatura Ambiente = 26.230187368765474,  Ventoinha = -100.0%, Resistor = 0%
23/01/2023 15:06, Temperatura Interna = 53.6875, Temperatura Referencial = 25, Temperatura Ambiente = 26.230187368765474,  Ventoinha = -100.0%, Resistor = 0%
23/01/2023 15:06, Temperatura Interna = 53.8125, Temperatura Referencial = 25, Temperatura Ambiente = 26.23520922163152,  Ventoinha = -100.0%, Resistor = 0%
23/01/2023 15:06, Temperatura Interna = 53.9375, Temperatura Referencial = 25, Temperatura Ambiente = 26.240231074788607,  Ventoinha = -100.0%, Resistor = 0%
23/01/2023 15:06, Temperatura Interna = 54.0625, Temperatura Referencial = 25, Temperatura Ambiente = 26.240231074788607,  Ventoinha = -100.0%, Resistor = 0%
23/01/2023 15:06, Temperatura Interna = 54.1875, Temperatura Referencial = 55.0, Temperatura Ambiente = 26.24525292823673,  Ventoinha = 0%, Resistor = 100.0%
23/01/2023 15:06, Temperatura Interna = 54.3125, Temperatura Referencial = 55.0, Temperatura Ambiente = 26.24525292823673,  Ventoinha = 0%, Resistor = 100.0%
23/01/2023 15:06, Temperatura Interna = 54.4375, Temperatura Referencial = 55.0, Temperatura Ambiente = 26.250274781975897,  Ventoinha = 0%, Resistor = 100.0%
23/01/2023 15:06, Temperatura Interna = 54.5625, Temperatura Referencial = 55.0, Temperatura Ambiente = 26.250274781975897,  Ventoinha = 0%, Resistor = 100.0%
23/01/2023 15:06, Temperatura Interna = 54.625, Temperatura Referencial = 55.0, Temperatura Ambiente = 26.255296636006097,  Ventoinha = 0%, Resistor = 100.0%
23/01/2023 15:06, Temperatura Interna = 54.75, Temperatura Referencial = 55.0, Temperatura Ambiente = 26.255296636006097,  Ventoinha = 0%, Resistor = 100.0%
23/01/2023 15:06, Temperatura Interna = 54.875, Temperatura Referencial = 55.0, Temperatura Ambiente = 26.260318490327336,  Ventoinha = 0%, Resistor = 100.0%
23/01/2023 15:06, Temperatura Interna = 55.0, Temperatura Referencial = 55.0, Temperatura Ambiente = 26.260318490327336,  Ventoinha = 0%, Resistor = 0.0%
23/01/2023 15:06, Temperatura Interna = 55.0625, Temperatura Referencial = 55.0, Temperatura Ambiente = 26.265340344939613,  Ventoinha = 0%, Resistor = 0.0%
23/01/2023 15:06, Temperatura Interna = 55.1875, Temperatura Referencial = 55.0, Temperatura Ambiente = 26.265340344939613,  Ventoinha = 0%, Resistor = 0.0%
23/01/2023 15:06, Temperatura Interna = 55.25, Temperatura Referencial = 55.0, Temperatura Ambiente = 26.27036219984293,  Ventoinha = 0%, Resistor = 0.0%
23/01/2023 15:06, Temperatura Interna = 55.375, Temperatura Referencial = 55.0, Temperatura Ambiente = 26.27036219984293,  Ventoinha = 0%, Resistor = 0.0%
23/01/2023 15:06, Temperatura Interna = 55.4375, Temperatura Referencial = 55.0, Temperatura Ambiente = 26.27036219984293,  Ventoinha = 0%, Resistor = 0.0%
23/01/2023 15:06, Temperatura Interna = 55.5625, Temperatura Referencial = 55.0, Temperatura Ambiente = 26.27036219984293,  Ventoinha = 0%, Resistor = 0.0%
23/01/2023 15:07, Temperatura Interna = 55.6875, Temperatura Referencial = 55.0, Temperatura Ambiente = 26.275384055037286,  Ventoinha = 0%, Resistor = 0.0%
23/01/2023 15:07, Temperatura Interna = 55.75, Temperatura Referencial = 55.0, Temperatura Ambiente = 26.275384055037286,  Ventoinha = 0%, Resistor = 0.0%
23/01/2023 15:07, Temperatura Interna = 55.875, Temperatura Referencial = 55.0, Temperatura Ambiente = 26.275384055037286,  Ventoinha = 0%, Resistor = 0.0%
23/01/2023 15:07, Temperatura Interna = 55.9375, Temperatura Referencial = 55.0, Temperatura Ambiente = 26.275384055037286,  Ventoinha = 0%, Resistor = 0.0%
23/01/2023 15:07, Temperatura Interna = 56.0625, Temperatura Referencial = 55.0, Temperatura Ambiente = 26.275384055037286,  Ventoinha = -100.0%, Resistor = 0%
23/01/2023 15:07, Temperatura Interna = 57.625, Temperatura Referencial = 25, Temperatura Ambiente = 26.275384055037286,  Ventoinha = 0%, Resistor = 0%
23/01/2023 15:08, Temperatura Interna = 57.625, Temperatura Referencial = 25, Temperatura Ambiente = 26.280405910522678,  Ventoinha = 0%, Resistor = 0%
23/01/2023 15:08, Temperatura Interna = 57.625, Temperatura Referencial = 25, Temperatura Ambiente = 26.280405910522678,  Ventoinha = 0%, Resistor = 0%
23/01/2023 15:08, Temperatura Interna = 57.625, Temperatura Referencial = 25, Temperatura Ambiente = 26.285427766299108,  Ventoinha = 0%, Resistor = 0%
23/01/2023 15:08, Temperatura Interna = 57.625, Temperatura Referencial = 25, Temperatura Ambiente = 26.285427766299108,  Ventoinha = 0%, Resistor = 0%
23/01/2023 15:08, Temperatura Interna = 57.625, Temperatura Referencial = 25, Temperatura Ambiente = 26.290449622366577,  Ventoinha = 0%, Resistor = 0%
23/01/2023 15:08, Temperatura Interna = 57.625, Temperatura Referencial = 25, Temperatura Ambiente = 26.295471478725084,  Ventoinha = 0%, Resistor = 0%
23/01/2023 15:08, Temperatura Interna = 57.625, Temperatura Referencial = 25, Temperatura Ambiente = 26.295471478725084,  Ventoinha = 0%, Resistor = 0%
23/01/2023 15:08, Temperatura Interna = 57.625, Temperatura Referencial = 25, Temperatura Ambiente = 26.295471478725084,  Ventoinha = 0%, Resistor = 0%
23/01/2023 15:08, Temperatura Interna = 57.625, Temperatura Referencial = 25, Temperatura Ambiente = 26.300493335374632,  Ventoinha = 0%, Resistor = 0%
23/01/2023 15:08, Temperatura Interna = 57.625, Temperatura Referencial = 25, Temperatura Ambiente = 26.300493335374632,  Ventoinha = 0%, Resistor = 0%
23/01/2023 15:08, Temperatura Interna = 57.625, Temperatura Referencial = 25, Temperatura Ambiente = 26.300493335374632,  Ventoinha = 0%, Resistor = 0%
23/01/2023 15:08, Temperatura Interna = 57.625, Temperatura Referencial = 25, Temperatura Ambiente = 26.300493335374632,  Ventoinha = 0%, Resistor = 0%
23/01/2023 15:08, Temperatura Interna = 57.625, Temperatura Referencial = 25, Temperatura Ambiente = 26.300493335374632,  Ventoinha = 0%, Resistor = 0%
23/01/2023 15:08, Temperatura Interna = 57.5625, Temperatura Referencial = 25, Temperatura Ambiente = 26.305515192315216,  Ventoinha = 0%, Resistor = 0%
23/01/2023 15:08, Temperatura Interna = 57.5625, Temperatura Referencial = 25, Temperatura Ambiente = 26.305515192315216,  Ventoinha = 0%, Resistor = 0%
23/01/2023 15:08, Temperatura Interna = 57.5625, Temperatura Referencial = 25, Temperatura Ambiente = 26.305515192315216,  Ventoinha = 0%, Resistor = 0%
23/01/2023 15:08, Temperatura Interna = 57.5625, Temperatura Referencial = 25, Temperatura Ambiente = 26.305515192315216,  Ventoinha = 0%, Resistor = 0%
23/01/2023 15:08, Temperatura Interna = 57.5625, Temperatura Referencial = 25, Temperatura Ambiente = 26.305515192315216,  Ventoinha = 0%, Resistor = 0%
23/01/2023 15:08, Temperatura Interna = 57.5, Temperatura Referencial = 25, Temperatura Ambiente = 26.305515192315216,  Ventoinha = 0%, Resistor = 0%
23/01/2023 15:08, Temperatura Interna = 57.5, Temperatura Referencial = 25, Temperatura Ambiente = 26.305515192315216,  Ventoinha = 0%, Resistor = 0%
23/01/2023 15:08, Temperatura Interna = 57.5, Temperatura Referencial = 25, Temperatura Ambiente = 26.305515192315216,  Ventoinha = 0%, Resistor = 0%
23/01/2023 15:11, Temperatura Interna = 51.75, Temperatura Referencial = 30.0, Temperatura Ambiente = 26.300493335374632,  Ventoinha = 0%, Resistor = 0%
23/01/2023 15:11, Temperatura Interna = 51.6875, Temperatura Referencial = 30.0, Temperatura Ambiente = 26.295471478725084,  Ventoinha = 0%, Resistor = 0%
23/01/2023 15:11, Temperatura Interna = 51.5625, Temperatura Referencial = 30.0, Temperatura Ambiente = 26.295471478725084,  Ventoinha = 0%, Resistor = 0%
23/01/2023 15:11, Temperatura Interna = 51.5, Temperatura Referencial = 30.0, Temperatura Ambiente = 26.290449622366577,  Ventoinha = 0%, Resistor = 0%
23/01/2023 15:11, Temperatura Interna = 51.4375, Temperatura Referencial = 30.0, Temperatura Ambiente = 26.290449622366577,  Ventoinha = 0%, Resistor = 0%
23/01/2023 15:11, Temperatura Interna = 51.375, Temperatura Referencial = 30.0, Temperatura Ambiente = 26.285427766299108,  Ventoinha = 0%, Resistor = 0%
23/01/2023 15:11, Temperatura Interna = 51.3125, Temperatura Referencial = 30.0, Temperatura Ambiente = 26.285427766299108,  Ventoinha = 0%, Resistor = 0%
23/01/2023 15:11, Temperatura Interna = 51.25, Temperatura Referencial = 30.0, Temperatura Ambiente = 26.280405910522678,  Ventoinha = -100.0%, Resistor = 0%
23/01/2023 15:11, Temperatura Interna = 51.1875, Temperatura Referencial = 30.0, Temperatura Ambiente = 26.280405910522678,  Ventoinha = -100.0%, Resistor = 0%
23/01/2023 15:11, Temperatura Interna = 51.0625, Temperatura Referencial = 30.0, Temperatura Ambiente = 26.280405910522678,  Ventoinha = -100.0%, Resistor = 0%
23/01/2023 15:11, Temperatura Interna = 51.0625, Temperatura Referencial = 25, Temperatura Ambiente = 26.280405910522678,  Ventoinha = -100.0%, Resistor = 0%
23/01/2023 15:11, Temperatura Interna = 51.0, Temperatura Referencial = 25, Temperatura Ambiente = 26.275384055037286,  Ventoinha = -100.0%, Resistor = 0%
23/01/2023 15:11, Temperatura Interna = 50.875, Temperatura Referencial = 25, Temperatura Ambiente = 26.275384055037286,  Ventoinha = -100.0%, Resistor = 0%
23/01/2023 15:11, Temperatura Interna = 50.8125, Temperatura Referencial = 25, Temperatura Ambiente = 26.275384055037286,  Ventoinha = -100.0%, Resistor = 0%
23/01/2023 15:11, Temperatura Interna = 50.75, Temperatura Referencial = 25, Temperatura Ambiente = 26.27036219984293,  Ventoinha = -100.0%, Resistor = 0%
23/01/2023 15:11, Temperatura Interna = 50.6875, Temperatura Referencial = 30.0, Temperatura Ambiente = 26.27036219984293,  Ventoinha = -100.0%, Resistor = 0%
23/01/2023 15:11, Temperatura Interna = 50.5625, Temperatura Referencial = 30.0, Temperatura Ambiente = 26.27036219984293,  Ventoinha = -100.0%, Resistor = 0%
23/01/2023 15:11, Temperatura Interna = 50.5625, Temperatura Referencial = 30.0, Temperatura Ambiente = 26.27036219984293,  Ventoinha = -100.0%, Resistor = 0%
23/01/2023 15:11, Temperatura Interna = 50.5, Temperatura Referencial = 30.0, Temperatura Ambiente = 26.265340344939613,  Ventoinha = -100.0%, Resistor = 0%
23/01/2023 15:26, Temperatura Interna = 30.5, Temperatura Referencial = 30.0, Temperatura Ambiente = 26.330624481383712,  Ventoinha = 0%, Resistor = 0%
23/01/2023 15:26, Temperatura Interna = 30.4375, Temperatura Referencial = 30.0, Temperatura Ambiente = 26.340668199048377,  Ventoinha = 0%, Resistor = 0%
23/01/2023 15:26, Temperatura Interna = 30.4375, Temperatura Referencial = 30.0, Temperatura Ambiente = 26.345690058317267,  Ventoinha = 0%, Resistor = 0%
23/01/2023 15:26, Temperatura Interna = 30.4375, Temperatura Referencial = 30.0, Temperatura Ambiente = 26.355733777728165,  Ventoinha = 0%, Resistor = 0%
23/01/2023 15:26, Temperatura Interna = 30.4375, Temperatura Referencial = 30.0, Temperatura Ambiente = 26.36075563787017,  Ventoinha = 0%, Resistor = 0%
23/01/2023 15:26, Temperatura Interna = 30.4375, Temperatura Referencial = 30.0, Temperatura Ambiente = 26.365777498303213,  Ventoinha = 0%, Resistor = 0%
23/01/2023 15:26, Temperatura Interna = 30.4375, Temperatura Referencial = 30.0, Temperatura Ambiente = 26.37582122004242,  Ventoinha = 0%, Resistor = 0%
23/01/2023 15:26, Temperatura Interna = 30.375, Temperatura Referencial = 30.0, Temperatura Ambiente = 26.380843081348576,  Ventoinha = 0%, Resistor = 0%
23/01/2023 15:26, Temperatura Interna = 30.375, Temperatura Referencial = 30.0, Temperatura Ambiente = 26.385864942945773,  Ventoinha = 0%, Resistor = 0%
23/01/2023 15:26, Temperatura Interna = 30.375, Temperatura Referencial = 30.0, Temperatura Ambiente = 26.390886804834008,  Ventoinha = 0%, Resistor = 0.0%
23/01/2023 15:27, Temperatura Interna = 30.375, Temperatura Referencial = 30.0, Temperatura Ambiente = 26.39590866701328,  Ventoinha = 0%, Resistor = 0.0%
23/01/2023 15:27, Temperatura Interna = 30.375, Temperatura Referencial = 30.0, Temperatura Ambiente = 26.400930529483595,  Ventoinha = 0%, Resistor = 0.0%
23/01/2023 15:27, Temperatura Interna = 30.375, Temperatura Referencial = 30.0, Temperatura Ambiente = 26.405952392244945,  Ventoinha = 0%, Resistor = 0.0%
23/01/2023 15:27, Temperatura Interna = 30.3125, Temperatura Referencial = 30.0, Temperatura Ambiente = 26.410974255297333,  Ventoinha = 0%, Resistor = 0.0%
23/01/2023 15:27, Temperatura Interna = 30.3125, Temperatura Referencial = 30.0, Temperatura Ambiente = 26.41599611864076,  Ventoinha = 0%, Resistor = 0.0%
23/01/2023 15:27, Temperatura Interna = 30.3125, Temperatura Referencial = 30.0, Temperatura Ambiente = 26.41599611864076,  Ventoinha = 0%, Resistor = 0.0%
23/01/2023 15:27, Temperatura Interna = 30.3125, Temperatura Referencial = 30.0, Temperatura Ambiente = 26.421017982275224,  Ventoinha = 0%, Resistor = 0.0%
23/01/2023 15:27, Temperatura Interna = 30.3125, Temperatura Referencial = 30.0, Temperatura Ambiente = 26.421017982275224,  Ventoinha = 0%, Resistor = 0.0%
23/01/2023 15:27, Temperatura Interna = 30.3125, Temperatura Referencial = 30.0, Temperatura Ambiente = 26.42603984620073,  Ventoinha = 0%, Resistor = 0.0%
23/01/2023 15:27, Temperatura Interna = 30.3125, Temperatura Referencial = 30.0, Temperatura Ambiente = 26.42603984620073,  Ventoinha = 0%, Resistor = 0.0%
23/01/2023 15:27, Temperatura Interna = 30.25, Temperatura Referencial = 30.0, Temperatura Ambiente = 26.43106171041727,  Ventoinha = 0%, Resistor = 0.0%
23/01/2023 15:27, Temperatura Interna = 30.25, Temperatura Referencial = 30.0, Temperatura Ambiente = 26.43106171041727,  Ventoinha = 0%, Resistor = 0.0%
23/01/2023 15:27, Temperatura Interna = 30.3125, Temperatura Referencial = 30.0, Temperatura Ambiente = 26.43106171041727,  Ventoinha = 0%, Resistor = 0.0%
23/01/2023 15:27, Temperatura Interna = 30.25, Temperatura Referencial = 30.0, Temperatura Ambiente = 26.43608357492485,  Ventoinha = 0%, Resistor = 0.0%
23/01/2023 15:27, Temperatura Interna = 30.25, Temperatura Referencial = 30.0, Temperatura Ambiente = 26.43608357492485,  Ventoinha = 0%, Resistor = 0.0%
23/01/2023 15:27, Temperatura Interna = 30.25, Temperatura Referencial = 30.0, Temperatura Ambiente = 26.43608357492485,  Ventoinha = 0%, Resistor = 0.0%
23/01/2023 15:27, Temperatura Interna = 30.25, Temperatura Referencial = 30.0, Temperatura Ambiente = 26.44110543972347,  Ventoinha = 0%, Resistor = 0.0%
23/01/2023 15:27, Temperatura Interna = 30.25, Temperatura Referencial = 30.0, Temperatura Ambiente = 26.44110543972347,  Ventoinha = 0%, Resistor = 0.0%
23/01/2023 15:27, Temperatura Interna = 30.1875, Temperatura Referencial = 30.0, Temperatura Ambiente = 26.446127304813125,  Ventoinha = 0%, Resistor = 0.0%
23/01/2023 15:27, Temperatura Interna = 30.1875, Temperatura Referencial = 30.0, Temperatura Ambiente = 26.446127304813125,  Ventoinha = 0%, Resistor = 0.0%
23/01/2023 15:27, Temperatura Interna = 30.1875, Temperatura Referencial = 30.0, Temperatura Ambiente = 26.451149170193823,  Ventoinha = 0%, Resistor = 0.0%
23/01/2023 15:27, Temperatura Interna = 30.1875, Temperatura Referencial = 30.0, Temperatura Ambiente = 26.456171035865555,  Ventoinha = 0%, Resistor = 0.0%
23/01/2023 15:27, Temperatura Interna = 30.1875, Temperatura Referencial = 30.0, Temperatura Ambiente = 26.461192901828326,  Ventoinha = 0%, Resistor = 0.0%
23/01/2023 15:27, Temperatura Interna = 30.1875, Temperatura Referencial = 30.0, Temperatura Ambiente = 26.466214768082136,  Ventoinha = 0%, Resistor = 0.0%
23/01/2023 15:27, Temperatura Interna = 30.125, Temperatura Referencial = 30.0, Temperatura Ambiente = 26.471236634626983,  Ventoinha = 0%, Resistor = 0.0%
23/01/2023 15:27, Temperatura Interna = 30.125, Temperatura Referencial = 30.0, Temperatura Ambiente = 26.476258501462873,  Ventoinha = 0%, Resistor = 0.0%
23/01/2023 15:27, Temperatura Interna = 30.125, Temperatura Referencial = 30.0, Temperatura Ambiente = 26.481280368589797,  Ventoinha = 0%, Resistor = 0.0%
23/01/2023 15:28, Temperatura Interna = 29.625, Temperatura Referencial = 30.0, Temperatura Ambiente = 26.49132410371676,  Ventoinha = 0%, Resistor = 0%
23/01/2023 15:28, Temperatura Interna = 29.625, Temperatura Referencial = 30.0, Temperatura Ambiente = 26.50136784000788,  Ventoinha = 0%, Resistor = 0%
23/01/2023 15:28, Temperatura Interna = 29.625, Temperatura Referencial = 30.0, Temperatura Ambiente = 26.506389708589996,  Ventoinha = 0%, Resistor = 0%
23/01/2023 15:29, Temperatura Interna = 29.625, Temperatura Referencial = 30.0, Temperatura Ambiente = 26.51141157746315,  Ventoinha = 0%, Resistor = 0%
23/01/2023 15:29, Temperatura Interna = 29.5625, Temperatura Referencial = 30.0, Temperatura Ambiente = 26.516433446627342,  Ventoinha = 0%, Resistor = 0%
23/01/2023 15:29, Temperatura Interna = 29.5625, Temperatura Referencial = 30.0, Temperatura Ambiente = 26.521455316082573,  Ventoinha = 0%, Resistor = 0%
23/01/2023 15:29, Temperatura Interna = 29.5625, Temperatura Referencial = 30.0, Temperatura Ambiente = 26.526477185828846,  Ventoinha = 0%, Resistor = 0%
23/01/2023 15:29, Temperatura Interna = 29.5625, Temperatura Referencial = 30.0, Temperatura Ambiente = 26.526477185828846,  Ventoinha = 0%, Resistor = 0%
23/01/2023 15:29, Temperatura Interna = 29.5625, Temperatura Referencial = 30.0, Temperatura Ambiente = 26.531499055866153,  Ventoinha = 0%, Resistor = 0%
23/01/2023 15:29, Temperatura Interna = 29.5, Temperatura Referencial = 30.0, Temperatura Ambiente = 26.5365209261945,  Ventoinha = 0%, Resistor = 0%
23/01/2023 15:29, Temperatura Interna = 29.5625, Temperatura Referencial = 30.0, Temperatura Ambiente = 26.541542796813882,  Ventoinha = 0%, Resistor = 0%
23/01/2023 15:29, Temperatura Interna = 29.5, Temperatura Referencial = 30.0, Temperatura Ambiente = 26.541542796813882,  Ventoinha = 0%, Resistor = 0%
23/01/2023 15:29, Temperatura Interna = 29.5625, Temperatura Referencial = 30.0, Temperatura Ambiente = 26.546564667724304,  Ventoinha = 0%, Resistor = 0%
23/01/2023 15:29, Temperatura Interna = 29.5, Temperatura Referencial = 30.0, Temperatura Ambiente = 26.55158653892577,  Ventoinha = 0%, Resistor = 0%
23/01/2023 15:29, Temperatura Interna = 29.5, Temperatura Referencial = 30.0, Temperatura Ambiente = 26.556608410418267,  Ventoinha = 0%, Resistor = 0%
23/01/2023 15:29, Temperatura Interna = 29.5, Temperatura Referencial = 30.0, Temperatura Ambiente = 26.556608410418267,  Ventoinha = 0%, Resistor = 0%
23/01/2023 15:29, Temperatura Interna = 29.4375, Temperatura Referencial = 30.0, Temperatura Ambiente = 26.561630282201804,  Ventoinha = 0%, Resistor = 0%
23/01/2023 15:29, Temperatura Interna = 29.4375, Temperatura Referencial = 30.0, Temperatura Ambiente = 26.561630282201804,  Ventoinha = 0%, Resistor = 0%
23/01/2023 15:29, Temperatura Interna = 29.4375, Temperatura Referencial = 30.0, Temperatura Ambiente = 26.56665215427638,  Ventoinha = 0%, Resistor = 0%
23/01/2023 15:29, Temperatura Interna = 29.4375, Temperatura Referencial = 30.0, Temperatura Ambiente = 26.56665215427638,  Ventoinha = 0%, Resistor = 0%
23/01/2023 15:29, Temperatura Interna = 29.4375, Temperatura Referencial = 30.0, Temperatura Ambiente = 26.56665215427638,  Ventoinha = 0%, Resistor = 0%
23/01/2023 15:29, Temperatura Interna = 29.4375, Temperatura Referencial = 30.0, Temperatura Ambiente = 26.56665215427638,  Ventoinha = 0%, Resistor = 0%
23/01/2023 15:29, Temperatura Interna = 29.375, Temperatura Referencial = 30.0, Temperatura Ambiente = 26.56665215427638,  Ventoinha = 0%, Resistor = 0%
23/01/2023 15:29, Temperatura Interna = 29.375, Temperatura Referencial = 30.0, Temperatura Ambiente = 26.56665215427638,  Ventoinha = 0%, Resistor = 0%
23/01/2023 15:29, Temperatura Interna = 29.375, Temperatura Referencial = 30.0, Temperatura Ambiente = 26.571674026641993,  Ventoinha = 0%, Resistor = 0%
23/01/2023 15:29, Temperatura Interna = 29.375, Temperatura Referencial = 30.0, Temperatura Ambiente = 26.571674026641993,  Ventoinha = 0%, Resistor = 0%
23/01/2023 15:29, Temperatura Interna = 29.3125, Temperatura Referencial = 30.0, Temperatura Ambiente = 26.571674026641993,  Ventoinha = 0%, Resistor = 0%
23/01/2023 15:29, Temperatura Interna = 29.3125, Temperatura Referencial = 30.0, Temperatura Ambiente = 26.571674026641993,  Ventoinha = 0%, Resistor = 0%
23/01/2023 15:29, Temperatura Interna = 29.25, Temperatura Referencial = 30.0, Temperatura Ambiente = 26.57669589929865,  Ventoinha = 0%, Resistor = 0%
23/01/2023 15:29, Temperatura Interna = 29.25, Temperatura Referencial = 30.0, Temperatura Ambiente = 26.57669589929865,  Ventoinha = 0%, Resistor = 0%
23/01/2023 15:29, Temperatura Interna = 29.25, Temperatura Referencial = 30.0, Temperatura Ambiente = 26.57669589929865,  Ventoinha = 0%, Resistor = 0%
23/01/2023 15:29, Temperatura Interna = 29.25, Temperatura Referencial = 30.0, Temperatura Ambiente = 26.58171777224634,  Ventoinha = 0%, Resistor = 0%
23/01/2023 15:29, Temperatura Interna = 29.25, Temperatura Referencial = 30.0, Temperatura Ambiente = 26.58171777224634,  Ventoinha = 0%, Resistor = 0%
23/01/2023 15:29, Temperatura Interna = 29.25, Temperatura Referencial = 30.0, Temperatura Ambiente = 26.586739645485068,  Ventoinha = 0%, Resistor = 0%
23/01/2023 15:29, Temperatura Interna = 29.25, Temperatura Referencial = 30.0, Temperatura Ambiente = 26.586739645485068,  Ventoinha = 0%, Resistor = 0%
23/01/2023 15:29, Temperatura Interna = 29.1875, Temperatura Referencial = 30.0, Temperatura Ambiente = 26.591761519014835,  Ventoinha = 0%, Resistor = 0%
23/01/2023 15:29, Temperatura Interna = 29.1875, Temperatura Referencial = 30.0, Temperatura Ambiente = 26.591761519014835,  Ventoinha = 0%, Resistor = 0%
23/01/2023 15:29, Temperatura Interna = 29.1875, Temperatura Referencial = 30.0, Temperatura Ambiente = 26.591761519014835,  Ventoinha = 0%, Resistor = 0%
23/01/2023 15:29, Temperatura Interna = 29.1875, Temperatura Referencial = 30.0, Temperatura Ambiente = 26.591761519014835,  Ventoinha = 0%, Resistor = 0%
23/01/2023 15:29, Temperatura Interna = 29.125, Temperatura Referencial = 30.0, Temperatura Ambiente = 26.586739645485068,  Ventoinha = 0%, Resistor = 0%
23/01/2023 15:29, Temperatura Interna = 29.1875, Temperatura Referencial = 30.0, Temperatura Ambiente = 26.586739645485068,  Ventoinha = 0%, Resistor = 0%
23/01/2023 15:30, Temperatura Interna = 29.125, Temperatura Referencial = 30.0, Temperatura Ambiente = 26.586739645485068,  Ventoinha = 0%, Resistor = 0%
23/01/2023 15:30, Temperatura Interna = 29.125, Temperatura Referencial = 30.0, Temperatura Ambiente = 26.58171777224634,  Ventoinha = 0%, Resistor = 0%
23/01/2023 15:30, Temperatura Interna = 29.125, Temperatura Referencial = 30.0, Temperatura Ambiente = 26.58171777224634,  Ventoinha = 0%, Resistor = 0%
23/01/2023 15:30, Temperatura Interna = 29.0625, Temperatura Referencial = 30.0, Temperatura Ambiente = 26.58171777224634,  Ventoinha = 0%, Resistor = 0%
23/01/2023 15:30, Temperatura Interna = 29.125, Temperatura Referencial = 30.0, Temperatura Ambiente = 26.58171777224634,  Ventoinha = 0%, Resistor = 0%
23/01/2023 15:30, Temperatura Interna = 29.0625, Temperatura Referencial = 30.0, Temperatura Ambiente = 26.58171777224634,  Ventoinha = 0%, Resistor = 0%
23/01/2023 15:30, Temperatura Interna = 29.0625, Temperatura Referencial = 30.0, Temperatura Ambiente = 26.57669589929865,  Ventoinha = 0%, Resistor = 100.0%
23/01/2023 15:30, Temperatura Interna = 29.0625, Temperatura Referencial = 30.0, Temperatura Ambiente = 26.57669589929865,  Ventoinha = 0%, Resistor = 100.0%
23/01/2023 15:30, Temperatura Interna = 29.0, Temperatura Referencial = 30.0, Temperatura Ambiente = 26.57669589929865,  Ventoinha = 0%, Resistor = 100.0%
23/01/2023 15:30, Temperatura Interna = 29.0, Temperatura Referencial = 30.0, Temperatura Ambiente = 26.57669589929865,  Ventoinha = 0%, Resistor = 100.0%
23/01/2023 15:30, Temperatura Interna = 29.0, Temperatura Referencial = 30.0, Temperatura Ambiente = 26.57669589929865,  Ventoinha = 0%, Resistor = 100.0%
23/01/2023 15:30, Temperatura Interna = 29.0, Temperatura Referencial = 30.0, Temperatura Ambiente = 26.571674026641993,  Ventoinha = 0%, Resistor = 100.0%
23/01/2023 15:30, Temperatura Interna = 29.0, Temperatura Referencial = 30.0, Temperatura Ambiente = 26.56665215427638,  Ventoinha = 0%, Resistor = 100.0%
23/01/2023 15:30, Temperatura Interna = 29.0, Temperatura Referencial = 30.0, Temperatura Ambiente = 26.56665215427638,  Ventoinha = 0%, Resistor = 100.0%
23/01/2023 15:30, Temperatura Interna = 29.0, Temperatura Referencial = 30.0, Temperatura Ambiente = 26.561630282201804,  Ventoinha = 0%, Resistor = 100.0%
23/01/2023 15:30, Temperatura Interna = 28.9375, Temperatura Referencial = 30.0, Temperatura Ambiente = 26.556608410418267,  Ventoinha = 0%, Resistor = 100.0%
23/01/2023 15:30, Temperatura Interna = 29.0, Temperatura Referencial = 30.0, Temperatura Ambiente = 26.556608410418267,  Ventoinha = 0%, Resistor = 100.0%
23/01/2023 15:30, Temperatura Interna = 29.0, Temperatura Referencial = 30.0, Temperatura Ambiente = 26.55158653892577,  Ventoinha = 0%, Resistor = 100.0%
23/01/2023 15:30, Temperatura Interna = 29.0, Temperatura Referencial = 30.0, Temperatura Ambiente = 26.546564667724304,  Ventoinha = 0%, Resistor = 100.0%
23/01/2023 15:30, Temperatura Interna = 29.0, Temperatura Referencial = 30.0, Temperatura Ambiente = 26.541542796813882,  Ventoinha = 0%, Resistor = 0%
23/01/2023 15:30, Temperatura Interna = 29.0625, Temperatura Referencial = 30.0, Temperatura Ambiente = 26.5365209261945,  Ventoinha = 0%, Resistor = 0%
23/01/2023 15:30, Temperatura Interna = 29.0625, Temperatura Referencial = 30.0, Temperatura Ambiente = 26.531499055866153,  Ventoinha = 0%, Resistor = 0%
23/01/2023 15:30, Temperatura Interna = 29.0625, Temperatura Referencial = 30.0, Temperatura Ambiente = 26.526477185828846,  Ventoinha = 0%, Resistor = 0%
23/01/2023 15:30, Temperatura Interna = 29.125, Temperatura Referencial = 30.0, Temperatura Ambiente = 26.521455316082573,  Ventoinha = 0%, Resistor = 0%
23/01/2023 15:30, Temperatura Interna = 29.125, Temperatura Referencial = 30.0, Temperatura Ambiente = 26.516433446627342,  Ventoinha = 0%, Resistor = 100.0%
23/01/2023 15:30, Temperatura Interna = 29.1875, Temperatura Referencial = 30.0, Temperatura Ambiente = 26.51141157746315,  Ventoinha = 0%, Resistor = 100.0%
23/01/2023 15:30, Temperatura Interna = 29.125, Temperatura Referencial = 30.0, Temperatura Ambiente = 26.506389708589996,  Ventoinha = 0%, Resistor = 100.0%
23/01/2023 15:30, Temperatura Interna = 29.1875, Temperatura Referencial = 25, Temperatura Ambiente = 26.50136784000788,  Ventoinha = -100.0%, Resistor = 0%
23/01/2023 15:30, Temperatura Interna = 29.1875, Temperatura Referencial = 25, Temperatura Ambiente = 26.4963459717168,  Ventoinha = -100.0%, Resistor = 0%
23/01/2023 15:30, Temperatura Interna = 29.1875, Temperatura Referencial = 25, Temperatura Ambiente = 26.48630223600776,  Ventoinha = -100.0%, Resistor = 0%
23/01/2023 15:30, Temperatura Interna = 29.25, Temperatura Referencial = 25, Temperatura Ambiente = 26.481280368589797,  Ventoinha = -100.0%, Resistor = 0%
23/01/2023 15:30, Temperatura Interna = 29.25, Temperatura Referencial = 25, Temperatura Ambiente = 26.481280368589797,  Ventoinha = -100.0%, Resistor = 0%
23/01/2023 15:30, Temperatura Interna = 29.3125, Temperatura Referencial = 25, Temperatura Ambiente = 26.476258501462873,  Ventoinha = -100.0%, Resistor = 0%
23/01/2023 15:31, Temperatura Interna = 29.3125, Temperatura Referencial = 25, Temperatura Ambiente = 26.466214768082136,  Ventoinha = -100.0%, Resistor = 0%
23/01/2023 15:31, Temperatura Interna = 29.375, Temperatura Referencial = 30.0, Temperatura Ambiente = 26.461192901828326,  Ventoinha = 0%, Resistor = 100.0%
23/01/2023 15:31, Temperatura Interna = 29.375, Temperatura Referencial = 30.0, Temperatura Ambiente = 26.456171035865555,  Ventoinha = 0%, Resistor = 100.0%
23/01/2023 15:31, Temperatura Interna = 29.4375, Temperatura Referencial = 30.0, Temperatura Ambiente = 26.451149170193823,  Ventoinha = 0%, Resistor = 100.0%
23/01/2023 15:31, Temperatura Interna = 29.5, Temperatura Referencial = 30.0, Temperatura Ambiente = 26.446127304813125,  Ventoinha = 0%, Resistor = 100.0%
23/01/2023 15:31, Temperatura Interna = 29.5, Temperatura Referencial = 30.0, Temperatura Ambiente = 26.446127304813125,  Ventoinha = 0%, Resistor = 100.0%
23/01/2023 15:31, Temperatura Interna = 29.5625, Temperatura Referencial = 30.0, Temperatura Ambiente = 26.44110543972347,  Ventoinha = 0%, Resistor = 100.0%
23/01/2023 15:31, Temperatura Interna = 29.625, Temperatura Referencial = 25, Temperatura Ambiente = 26.43608357492485,  Ventoinha = -100.0%, Resistor = 0%
23/01/2023 15:31, Temperatura Interna = 29.625, Temperatura Referencial = 25, Temperatura Ambiente = 26.43608357492485,  Ventoinha = -100.0%, Resistor = 0%
23/01/2023 15:31, Temperatura Interna = 29.6875, Temperatura Referencial = 25, Temperatura Ambiente = 26.43106171041727,  Ventoinha = -100.0%, Resistor = 0%
23/01/2023 15:31, Temperatura Interna = 29.6875, Temperatura Referencial = 25, Temperatura Ambiente = 26.42603984620073,  Ventoinha = -100.0%, Resistor = 0%
23/01/2023 15:31, Temperatura Interna = 29.75, Temperatura Referencial = 25, Temperatura Ambiente = 26.421017982275224,  Ventoinha = -100.0%, Resistor = 0%
23/01/2023 15:31, Temperatura Interna = 29.8125, Temperatura Referencial = 25, Temperatura Ambiente = 26.421017982275224,  Ventoinha = -100.0%, Resistor = 0%
23/01/2023 15:31, Temperatura Interna = 29.8125, Temperatura Referencial = 25, Temperatura Ambiente = 26.41599611864076,  Ventoinha = -100.0%, Resistor = 0%
23/01/2023 15:31, Temperatura Interna = 29.875, Temperatura Referencial = 25, Temperatura Ambiente = 26.41599611864076,  Ventoinha = -100.0%, Resistor = 0%
23/01/2023 15:31, Temperatura Interna = 29.9375, Temperatura Referencial = 25, Temperatura Ambiente = 26.410974255297333,  Ventoinha = -100.0%, Resistor = 0%
23/01/2023 15:31, Temperatura Interna = 29.9375, Temperatura Referencial = 25, Temperatura Ambiente = 26.410974255297333,  Ventoinha = -100.0%, Resistor = 0%
23/01/2023 15:31, Temperatura Interna = 30.0, Temperatura Referencial = 25, Temperatura Ambiente = 26.405952392244945,  Ventoinha = -100.0%, Resistor = 0%
23/01/2023 15:31, Temperatura Interna = 30.0625, Temperatura Referencial = 25, Temperatura Ambiente = 26.405952392244945,  Ventoinha = -100.0%, Resistor = 0%
23/01/2023 15:31, Temperatura Interna = 30.125, Temperatura Referencial = 25, Temperatura Ambiente = 26.400930529483595,  Ventoinha = -100.0%, Resistor = 0%
23/01/2023 15:31, Temperatura Interna = 30.125, Temperatura Referencial = 25, Temperatura Ambiente = 26.400930529483595,  Ventoinha = -100.0%, Resistor = 0%
23/01/2023 15:31, Temperatura Interna = 30.1875, Temperatura Referencial = 25, Temperatura Ambiente = 26.39590866701328,  Ventoinha = -100.0%, Resistor = 0%
23/01/2023 15:31, Temperatura Interna = 30.25, Temperatura Referencial = 25, Temperatura Ambiente = 26.39590866701328,  Ventoinha = -100.0%, Resistor = 0%
23/01/2023 15:31, Temperatura Interna = 30.25, Temperatura Referencial = 25, Temperatura Ambiente = 26.390886804834008,  Ventoinha = -100.0%, Resistor = 0%
23/01/2023 15:31, Temperatura Interna = 30.3125, Temperatura Referencial = 25, Temperatura Ambiente = 26.390886804834008,  Ventoinha = -100.0%, Resistor = 0%
23/01/2023 15:31, Temperatura Interna = 30.375, Temperatura Referencial = 25, Temperatura Ambiente = 26.385864942945773,  Ventoinha = -100.0%, Resistor = 0%
23/01/2023 15:31, Temperatura Interna = 30.375, Temperatura Referencial = 25, Temperatura Ambiente = 26.380843081348576,  Ventoinha = -100.0%, Resistor = 0%
23/01/2023 15:31, Temperatura Interna = 30.5, Temperatura Referencial = 25, Temperatura Ambiente = 26.380843081348576,  Ventoinha = -100.0%, Resistor = 0%
23/01/2023 15:31, Temperatura Interna = 30.5, Temperatura Referencial = 25, Temperatura Ambiente = 26.380843081348576,  Ventoinha = -100.0%, Resistor = 0%
23/01/2023 15:31, Temperatura Interna = 30.5625, Temperatura Referencial = 25, Temperatura Ambiente = 26.37582122004242,  Ventoinha = -100.0%, Resistor = 0%
23/01/2023 15:31, Temperatura Interna = 30.5625, Temperatura Referencial = 25, Temperatura Ambiente = 26.370799359027295,  Ventoinha = -100.0%, Resistor = 0%
